<?xml version="1.0" encoding="UTF-8"?>

<!-- generated on 2022/1/28 9:34:27 by SUMO gui Version 0.32.0
<?xml version="1.0" encoding="UTF-8"?>

<configuration xmlns:xsi="http://www.w3.org/2001/XMLSchema-instance" xsi:noNamespaceSchemaLocation="http://sumo.dlr.de/xsd/sumoConfiguration.xsd">

    <input>
        <net-file value="traci_tls\data\cross.net.xml"/>
        <route-files value="traci_tls\data\cross.rou.xml"/>
        <additional-files value="traci_tls\data\cross.add.xml"/>
    </input>

    <output>
        <tripinfo-output value="tripinfo.xml"/>
    </output>

    <time>
        <begin value="0"/>
        <step-length value="0.1"/>
    </time>

    <processing>
        <lanechange.duration value="2"/>
    </processing>

    <report>
        <verbose value="true"/>
        <no-step-log value="true"/>
    </report>

    <traci_server>
        <remote-port value="8873"/>
    </traci_server>

    <gui_only>
        <quit-on-end value="true"/>
        <start value="true"/>
        <tracker-interval value="0.1"/>
    </gui_only>

</configuration>
-->

<tripinfos xmlns:xsi="http://www.w3.org/2001/XMLSchema-instance" xsi:noNamespaceSchemaLocation="http://sumo.dlr.de/xsd/tripinfo_file.xsd">
    <tripinfo id="14" depart="1.40" departLane="West_in_0" departPos="0.00" departSpeed="10.00" departDelay="0.00" arrival="72.20" arrivalLane="South_out_0" arrivalPos="388.65" arrivalSpeed="10.01" duration="70.80" routeLength="782.30" waitSteps="0" timeLoss="55.14" rerouteNo="0" devices="tripinfo_14" vType="CAV_R" speedFactor="1.00" vaporized=""/>
    <tripinfo id="7" depart="0.70" departLane="South_in_0" departPos="0.00" departSpeed="10.00" departDelay="0.00" arrival="72.20" arrivalLane="East_out_0" arrivalPos="388.65" arrivalSpeed="10.01" duration="71.50" routeLength="782.30" waitSteps="0" timeLoss="55.84" rerouteNo="0" devices="tripinfo_7" vType="CAV_R" speedFactor="1.00" vaporized=""/>
    <tripinfo id="29" depart="2.90" departLane="North_in_0" departPos="0.00" departSpeed="10.00" departDelay="0.00" arrival="75.60" arrivalLane="West_out_0" arrivalPos="388.65" arrivalSpeed="10.01" duration="72.70" routeLength="782.30" waitSteps="0" timeLoss="57.04" rerouteNo="0" devices="tripinfo_29" vType="CAV_R" speedFactor="1.00" vaporized=""/>
    <tripinfo id="32" depart="3.20" departLane="South_in_0" departPos="0.00" departSpeed="10.00" departDelay="0.00" arrival="75.60" arrivalLane="East_out_0" arrivalPos="388.65" arrivalSpeed="10.01" duration="72.40" routeLength="782.30" waitSteps="0" timeLoss="56.74" rerouteNo="0" devices="tripinfo_32" vType="CAV_R" speedFactor="1.00" vaporized=""/>
    <tripinfo id="30" depart="3.00" departLane="South_in_1" departPos="0.00" departSpeed="10.00" departDelay="0.00" arrival="77.30" arrivalLane="North_out_1" arrivalPos="388.65" arrivalSpeed="10.01" duration="74.30" routeLength="800.00" waitSteps="0" timeLoss="58.30" rerouteNo="0" devices="tripinfo_30" vType="CAV_F" speedFactor="1.00" vaporized=""/>
    <tripinfo id="53" depart="5.30" departLane="West_in_0" departPos="0.00" departSpeed="10.00" departDelay="0.00" arrival="79.00" arrivalLane="South_out_0" arrivalPos="388.65" arrivalSpeed="10.01" duration="73.70" routeLength="782.30" waitSteps="0" timeLoss="58.04" rerouteNo="0" devices="tripinfo_53" vType="CAV_R" speedFactor="1.00" vaporized=""/>
    <tripinfo id="71" depart="7.10" departLane="South_in_0" departPos="0.00" departSpeed="10.00" departDelay="0.00" arrival="79.00" arrivalLane="East_out_0" arrivalPos="388.65" arrivalSpeed="10.01" duration="71.90" routeLength="782.30" waitSteps="0" timeLoss="56.24" rerouteNo="0" devices="tripinfo_71" vType="CAV_R" speedFactor="1.00" vaporized=""/>
    <tripinfo id="48" depart="4.80" departLane="North_in_2" departPos="0.00" departSpeed="10.00" departDelay="0.00" arrival="81.10" arrivalLane="East_out_1" arrivalPos="388.65" arrivalSpeed="10.01" duration="76.30" routeLength="808.91" waitSteps="0" timeLoss="60.22" rerouteNo="0" devices="tripinfo_48" vType="CAV_L" speedFactor="1.00" vaporized=""/>
    <tripinfo id="90" depart="9.00" departLane="West_in_0" departPos="0.00" departSpeed="10.00" departDelay="0.00" arrival="82.30" arrivalLane="South_out_0" arrivalPos="388.65" arrivalSpeed="10.01" duration="73.30" routeLength="782.30" waitSteps="0" timeLoss="57.65" rerouteNo="0" devices="tripinfo_90" vType="CAV_R" speedFactor="1.00" vaporized=""/>
    <tripinfo id="100" depart="10.00" departLane="South_in_1" departPos="0.00" departSpeed="10.00" departDelay="0.00" arrival="84.10" arrivalLane="North_out_0" arrivalPos="388.65" arrivalSpeed="10.01" duration="74.10" routeLength="800.00" waitSteps="0" timeLoss="58.09" rerouteNo="0" devices="tripinfo_100" vType="CAV_F" speedFactor="1.00" vaporized=""/>
    <tripinfo id="55" depart="5.50" departLane="South_in_1" departPos="0.00" departSpeed="10.00" departDelay="0.00" arrival="84.10" arrivalLane="North_out_1" arrivalPos="388.65" arrivalSpeed="10.01" duration="78.60" routeLength="800.00" waitSteps="0" timeLoss="62.59" rerouteNo="0" devices="tripinfo_55" vType="CAV_F" speedFactor="1.00" vaporized=""/>
    <tripinfo id="152" depart="15.20" departLane="East_in_0" departPos="0.00" departSpeed="10.00" departDelay="0.00" arrival="85.70" arrivalLane="North_out_0" arrivalPos="388.65" arrivalSpeed="10.01" duration="70.50" routeLength="782.30" waitSteps="0" timeLoss="54.85" rerouteNo="0" devices="tripinfo_152" vType="CAV_R" speedFactor="1.00" vaporized=""/>
    <tripinfo id="108" depart="10.80" departLane="North_in_2" departPos="0.00" departSpeed="10.00" departDelay="0.00" arrival="87.30" arrivalLane="East_out_2" arrivalPos="388.65" arrivalSpeed="10.01" duration="76.50" routeLength="808.91" waitSteps="0" timeLoss="60.53" rerouteNo="0" devices="tripinfo_108" vType="CAV_L" speedFactor="1.00" vaporized=""/>
    <tripinfo id="102" depart="10.20" departLane="West_in_1" departPos="0.00" departSpeed="10.00" departDelay="0.00" arrival="87.50" arrivalLane="East_out_1" arrivalPos="388.65" arrivalSpeed="10.01" duration="77.30" routeLength="800.00" waitSteps="0" timeLoss="61.29" rerouteNo="0" devices="tripinfo_102" vType="CAV_F" speedFactor="1.00" vaporized=""/>
    <tripinfo id="114" depart="11.40" departLane="West_in_1" departPos="0.00" departSpeed="10.00" departDelay="0.00" arrival="87.50" arrivalLane="East_out_0" arrivalPos="388.65" arrivalSpeed="10.01" duration="76.10" routeLength="800.00" waitSteps="0" timeLoss="60.09" rerouteNo="0" devices="tripinfo_114" vType="CAV_F" speedFactor="1.00" vaporized=""/>
    <tripinfo id="179" depart="17.90" departLane="West_in_0" departPos="0.00" departSpeed="10.00" departDelay="0.00" arrival="89.10" arrivalLane="South_out_0" arrivalPos="388.65" arrivalSpeed="10.01" duration="71.20" routeLength="782.30" waitSteps="0" timeLoss="55.55" rerouteNo="0" devices="tripinfo_179" vType="CAV_R" speedFactor="1.00" vaporized=""/>
    <tripinfo id="155" depart="15.50" departLane="West_in_0" departPos="0.00" departSpeed="10.00" departDelay="0.00" arrival="89.60" arrivalLane="South_out_1" arrivalPos="388.65" arrivalSpeed="10.01" duration="74.10" routeLength="782.30" waitSteps="0" timeLoss="58.35" rerouteNo="0" devices="tripinfo_155" vType="CAV_R" speedFactor="1.00" vaporized=""/>
    <tripinfo id="122" depart="12.20" departLane="South_in_2" departPos="0.00" departSpeed="10.00" departDelay="0.00" arrival="90.70" arrivalLane="West_out_2" arrivalPos="388.65" arrivalSpeed="10.01" duration="78.50" routeLength="808.91" waitSteps="0" timeLoss="62.53" rerouteNo="0" devices="tripinfo_122" vType="CAV_L" speedFactor="1.00" vaporized=""/>
    <tripinfo id="109" depart="10.90" departLane="East_in_1" departPos="0.00" departSpeed="10.00" departDelay="0.00" arrival="90.90" arrivalLane="West_out_1" arrivalPos="388.65" arrivalSpeed="10.01" duration="80.00" routeLength="800.00" waitSteps="0" timeLoss="63.99" rerouteNo="0" devices="tripinfo_109" vType="CAV_F" speedFactor="1.00" vaporized=""/>
    <tripinfo id="111" depart="11.60" departLane="East_in_1" departPos="0.00" departSpeed="10.00" departDelay="0.50" arrival="90.90" arrivalLane="West_out_0" arrivalPos="388.65" arrivalSpeed="10.01" duration="79.30" routeLength="800.00" waitSteps="0" timeLoss="63.29" rerouteNo="0" devices="tripinfo_111" vType="CAV_F" speedFactor="1.00" vaporized=""/>
    <tripinfo id="128" depart="12.80" departLane="East_in_0" departPos="0.00" departSpeed="10.00" departDelay="0.00" arrival="92.50" arrivalLane="North_out_0" arrivalPos="388.65" arrivalSpeed="10.01" duration="79.70" routeLength="782.30" waitSteps="0" timeLoss="64.04" rerouteNo="0" devices="tripinfo_128" vType="CAV_R" speedFactor="1.00" vaporized=""/>
    <tripinfo id="191" depart="19.10" departLane="South_in_0" departPos="0.00" departSpeed="10.00" departDelay="0.00" arrival="92.50" arrivalLane="East_out_0" arrivalPos="388.65" arrivalSpeed="10.01" duration="73.40" routeLength="782.30" waitSteps="0" timeLoss="57.74" rerouteNo="0" devices="tripinfo_191" vType="CAV_R" speedFactor="1.00" vaporized=""/>
    <tripinfo id="157" depart="15.70" departLane="North_in_1" departPos="0.00" departSpeed="10.00" departDelay="0.00" arrival="94.30" arrivalLane="South_out_1" arrivalPos="388.65" arrivalSpeed="10.01" duration="78.60" routeLength="800.00" waitSteps="0" timeLoss="62.58" rerouteNo="0" devices="tripinfo_157" vType="CAV_F" speedFactor="1.00" vaporized=""/>
    <tripinfo id="143" depart="14.30" departLane="South_in_1" departPos="0.00" departSpeed="10.00" departDelay="0.00" arrival="94.30" arrivalLane="North_out_1" arrivalPos="388.65" arrivalSpeed="10.01" duration="80.00" routeLength="800.00" waitSteps="0" timeLoss="63.98" rerouteNo="0" devices="tripinfo_143" vType="CAV_F" speedFactor="1.00" vaporized=""/>
    <tripinfo id="163" depart="16.50" departLane="North_in_1" departPos="0.00" departSpeed="10.00" departDelay="0.20" arrival="94.30" arrivalLane="South_out_0" arrivalPos="388.65" arrivalSpeed="10.01" duration="77.80" routeLength="800.00" waitSteps="0" timeLoss="61.78" rerouteNo="0" devices="tripinfo_163" vType="CAV_F" speedFactor="1.00" vaporized=""/>
    <tripinfo id="242" depart="24.20" departLane="South_in_0" departPos="0.00" departSpeed="10.00" departDelay="0.00" arrival="95.90" arrivalLane="East_out_0" arrivalPos="388.65" arrivalSpeed="10.01" duration="71.70" routeLength="782.30" waitSteps="0" timeLoss="56.04" rerouteNo="0" devices="tripinfo_242" vType="CAV_R" speedFactor="1.00" vaporized=""/>
    <tripinfo id="167" depart="16.70" departLane="South_in_2" departPos="0.00" departSpeed="10.00" departDelay="0.00" arrival="97.50" arrivalLane="West_out_2" arrivalPos="388.65" arrivalSpeed="10.01" duration="80.80" routeLength="808.91" waitSteps="0" timeLoss="64.82" rerouteNo="0" devices="tripinfo_167" vType="CAV_L" speedFactor="1.00" vaporized=""/>
    <tripinfo id="174" depart="17.40" departLane="East_in_1" departPos="0.00" departSpeed="10.00" departDelay="0.00" arrival="97.60" arrivalLane="West_out_0" arrivalPos="388.65" arrivalSpeed="10.01" duration="80.20" routeLength="800.00" waitSteps="0" timeLoss="64.20" rerouteNo="0" devices="tripinfo_174" vType="CAV_F" speedFactor="1.00" vaporized=""/>
    <tripinfo id="194" depart="19.40" departLane="South_in_2" departPos="0.00" departSpeed="10.00" departDelay="0.00" arrival="98.00" arrivalLane="West_out_1" arrivalPos="388.65" arrivalSpeed="10.01" duration="78.60" routeLength="808.91" waitSteps="0" timeLoss="62.52" rerouteNo="0" devices="tripinfo_194" vType="CAV_L" speedFactor="1.00" vaporized=""/>
    <tripinfo id="260" depart="26.00" departLane="East_in_0" departPos="0.00" departSpeed="10.00" departDelay="0.00" arrival="99.30" arrivalLane="North_out_0" arrivalPos="388.65" arrivalSpeed="10.01" duration="73.30" routeLength="782.30" waitSteps="0" timeLoss="57.64" rerouteNo="0" devices="tripinfo_260" vType="CAV_R" speedFactor="1.00" vaporized=""/>
    <tripinfo id="229" depart="22.90" departLane="East_in_2" departPos="0.00" departSpeed="10.00" departDelay="0.00" arrival="100.90" arrivalLane="South_out_2" arrivalPos="388.65" arrivalSpeed="10.01" duration="78.00" routeLength="808.91" waitSteps="0" timeLoss="62.02" rerouteNo="0" devices="tripinfo_229" vType="CAV_L" speedFactor="1.00" vaporized=""/>
    <tripinfo id="207" depart="20.70" departLane="North_in_1" departPos="0.00" departSpeed="10.00" departDelay="0.00" arrival="101.00" arrivalLane="South_out_1" arrivalPos="388.65" arrivalSpeed="10.01" duration="80.30" routeLength="800.00" waitSteps="0" timeLoss="64.30" rerouteNo="0" devices="tripinfo_207" vType="CAV_F" speedFactor="1.00" vaporized=""/>
    <tripinfo id="218" depart="21.80" departLane="North_in_1" departPos="0.00" departSpeed="10.00" departDelay="0.00" arrival="101.00" arrivalLane="South_out_0" arrivalPos="388.65" arrivalSpeed="10.01" duration="79.20" routeLength="800.00" waitSteps="0" timeLoss="63.20" rerouteNo="0" devices="tripinfo_218" vType="CAV_F" speedFactor="1.00" vaporized=""/>
    <tripinfo id="315" depart="31.50" departLane="East_in_0" departPos="0.00" departSpeed="10.00" departDelay="0.00" arrival="102.70" arrivalLane="North_out_0" arrivalPos="388.65" arrivalSpeed="10.01" duration="71.20" routeLength="782.30" waitSteps="0" timeLoss="55.54" rerouteNo="0" devices="tripinfo_315" vType="CAV_R" speedFactor="1.00" vaporized=""/>
    <tripinfo id="261" depart="26.10" departLane="North_in_0" departPos="0.00" departSpeed="10.00" departDelay="0.00" arrival="102.70" arrivalLane="West_out_0" arrivalPos="388.65" arrivalSpeed="10.01" duration="76.60" routeLength="782.30" waitSteps="0" timeLoss="60.94" rerouteNo="0" devices="tripinfo_261" vType="CAV_R" speedFactor="1.00" vaporized=""/>
    <tripinfo id="309" depart="30.90" departLane="West_in_0" departPos="0.00" departSpeed="10.00" departDelay="0.00" arrival="102.70" arrivalLane="South_out_0" arrivalPos="388.65" arrivalSpeed="10.01" duration="71.80" routeLength="782.30" waitSteps="0" timeLoss="56.14" rerouteNo="0" devices="tripinfo_309" vType="CAV_R" speedFactor="1.00" vaporized=""/>
    <tripinfo id="278" depart="27.80" departLane="South_in_0" departPos="0.00" departSpeed="10.00" departDelay="0.00" arrival="102.70" arrivalLane="East_out_0" arrivalPos="388.65" arrivalSpeed="10.01" duration="74.90" routeLength="782.30" waitSteps="0" timeLoss="59.24" rerouteNo="0" devices="tripinfo_278" vType="CAV_R" speedFactor="1.00" vaporized=""/>
    <tripinfo id="303" depart="30.30" departLane="East_in_0" departPos="0.00" departSpeed="10.00" departDelay="0.00" arrival="103.20" arrivalLane="North_out_1" arrivalPos="388.65" arrivalSpeed="10.01" duration="72.90" routeLength="782.30" waitSteps="0" timeLoss="57.14" rerouteNo="0" devices="tripinfo_303" vType="CAV_R" speedFactor="1.00" vaporized=""/>
    <tripinfo id="215" depart="21.50" departLane="West_in_2" departPos="0.00" departSpeed="10.00" departDelay="0.00" arrival="104.30" arrivalLane="North_out_2" arrivalPos="388.65" arrivalSpeed="10.01" duration="82.80" routeLength="808.91" waitSteps="0" timeLoss="66.82" rerouteNo="0" devices="tripinfo_215" vType="CAV_L" speedFactor="1.00" vaporized=""/>
    <tripinfo id="234" depart="23.40" departLane="West_in_1" departPos="0.00" departSpeed="10.00" departDelay="0.00" arrival="104.40" arrivalLane="East_out_1" arrivalPos="388.65" arrivalSpeed="10.01" duration="81.00" routeLength="800.00" waitSteps="0" timeLoss="65.00" rerouteNo="0" devices="tripinfo_234" vType="CAV_F" speedFactor="1.00" vaporized=""/>
    <tripinfo id="335" depart="33.50" departLane="West_in_0" departPos="0.00" departSpeed="10.00" departDelay="0.00" arrival="106.00" arrivalLane="South_out_0" arrivalPos="388.65" arrivalSpeed="10.01" duration="72.50" routeLength="782.30" waitSteps="0" timeLoss="56.85" rerouteNo="0" devices="tripinfo_335" vType="CAV_R" speedFactor="1.00" vaporized=""/>
    <tripinfo id="255" depart="25.50" departLane="South_in_1" departPos="0.00" departSpeed="10.00" departDelay="0.00" arrival="107.80" arrivalLane="North_out_2" arrivalPos="388.65" arrivalSpeed="10.01" duration="82.30" routeLength="800.00" waitSteps="0" timeLoss="66.29" rerouteNo="0" devices="tripinfo_255" vType="CAV_F" speedFactor="1.00" vaporized=""/>
    <tripinfo id="282" depart="28.20" departLane="North_in_1" departPos="0.00" departSpeed="10.00" departDelay="0.00" arrival="107.80" arrivalLane="South_out_2" arrivalPos="388.65" arrivalSpeed="10.01" duration="79.60" routeLength="800.00" waitSteps="0" timeLoss="63.59" rerouteNo="0" devices="tripinfo_282" vType="CAV_F" speedFactor="1.00" vaporized=""/>
    <tripinfo id="286" depart="28.90" departLane="North_in_1" departPos="0.00" departSpeed="10.00" departDelay="0.30" arrival="107.80" arrivalLane="South_out_1" arrivalPos="388.65" arrivalSpeed="10.01" duration="78.90" routeLength="800.00" waitSteps="0" timeLoss="62.89" rerouteNo="0" devices="tripinfo_286" vType="CAV_F" speedFactor="1.00" vaporized=""/>
    <tripinfo id="293" depart="29.30" departLane="South_in_1" departPos="0.00" departSpeed="10.00" departDelay="0.00" arrival="107.80" arrivalLane="North_out_0" arrivalPos="388.65" arrivalSpeed="10.01" duration="78.50" routeLength="800.00" waitSteps="0" timeLoss="62.49" rerouteNo="0" devices="tripinfo_293" vType="CAV_F" speedFactor="1.00" vaporized=""/>
    <tripinfo id="266" depart="26.60" departLane="South_in_1" departPos="0.00" departSpeed="10.00" departDelay="0.00" arrival="107.80" arrivalLane="North_out_1" arrivalPos="388.65" arrivalSpeed="10.01" duration="81.20" routeLength="800.00" waitSteps="0" timeLoss="65.19" rerouteNo="0" devices="tripinfo_266" vType="CAV_F" speedFactor="1.00" vaporized=""/>
    <tripinfo id="349" depart="34.90" departLane="East_in_0" departPos="0.00" departSpeed="10.00" departDelay="0.00" arrival="109.40" arrivalLane="North_out_0" arrivalPos="388.65" arrivalSpeed="10.01" duration="74.50" routeLength="782.30" waitSteps="0" timeLoss="58.85" rerouteNo="0" devices="tripinfo_349" vType="CAV_R" speedFactor="1.00" vaporized=""/>
    <tripinfo id="369" depart="37.20" departLane="North_in_0" departPos="0.00" departSpeed="10.00" departDelay="0.30" arrival="109.40" arrivalLane="West_out_0" arrivalPos="388.65" arrivalSpeed="10.01" duration="72.20" routeLength="782.30" waitSteps="0" timeLoss="56.55" rerouteNo="0" devices="tripinfo_369" vType="CAV_R" speedFactor="1.00" vaporized=""/>
    <tripinfo id="367" depart="36.70" departLane="West_in_0" departPos="0.00" departSpeed="10.00" departDelay="0.00" arrival="109.40" arrivalLane="South_out_0" arrivalPos="388.65" arrivalSpeed="10.01" duration="72.70" routeLength="782.30" waitSteps="0" timeLoss="57.05" rerouteNo="0" devices="tripinfo_367" vType="CAV_R" speedFactor="1.00" vaporized=""/>
    <tripinfo id="395" depart="39.50" departLane="South_in_0" departPos="0.00" departSpeed="10.00" departDelay="0.00" arrival="109.40" arrivalLane="East_out_0" arrivalPos="388.65" arrivalSpeed="10.01" duration="69.90" routeLength="782.30" waitSteps="0" timeLoss="54.25" rerouteNo="0" devices="tripinfo_395" vType="CAV_R" speedFactor="1.00" vaporized=""/>
    <tripinfo id="365" depart="36.50" departLane="North_in_0" departPos="0.00" departSpeed="10.00" departDelay="0.00" arrival="110.00" arrivalLane="West_out_1" arrivalPos="388.65" arrivalSpeed="10.01" duration="73.50" routeLength="782.30" waitSteps="0" timeLoss="57.73" rerouteNo="0" devices="tripinfo_365" vType="CAV_R" speedFactor="1.00" vaporized=""/>
    <tripinfo id="292" depart="29.20" departLane="South_in_2" departPos="0.00" departSpeed="10.00" departDelay="0.00" arrival="111.00" arrivalLane="West_out_2" arrivalPos="388.65" arrivalSpeed="10.01" duration="81.80" routeLength="808.91" waitSteps="0" timeLoss="65.83" rerouteNo="0" devices="tripinfo_292" vType="CAV_L" speedFactor="1.00" vaporized=""/>
    <tripinfo id="269" depart="26.90" departLane="North_in_2" departPos="0.00" departSpeed="10.00" departDelay="0.00" arrival="111.00" arrivalLane="East_out_2" arrivalPos="388.65" arrivalSpeed="10.01" duration="84.10" routeLength="808.91" waitSteps="0" timeLoss="68.13" rerouteNo="0" devices="tripinfo_269" vType="CAV_L" speedFactor="1.00" vaporized=""/>
    <tripinfo id="407" depart="40.70" departLane="West_in_0" departPos="0.00" departSpeed="10.00" departDelay="0.00" arrival="112.80" arrivalLane="South_out_0" arrivalPos="388.65" arrivalSpeed="10.01" duration="72.10" routeLength="782.30" waitSteps="0" timeLoss="56.45" rerouteNo="0" devices="tripinfo_407" vType="CAV_R" speedFactor="1.00" vaporized=""/>
    <tripinfo id="313" depart="31.30" departLane="West_in_2" departPos="0.00" departSpeed="10.00" departDelay="0.00" arrival="114.40" arrivalLane="North_out_2" arrivalPos="388.65" arrivalSpeed="10.01" duration="83.10" routeLength="808.91" waitSteps="0" timeLoss="67.13" rerouteNo="0" devices="tripinfo_313" vType="CAV_L" speedFactor="1.00" vaporized=""/>
    <tripinfo id="307" depart="30.70" departLane="East_in_2" departPos="0.00" departSpeed="10.00" departDelay="0.00" arrival="114.40" arrivalLane="South_out_2" arrivalPos="388.65" arrivalSpeed="10.01" duration="83.70" routeLength="808.91" waitSteps="0" timeLoss="67.73" rerouteNo="0" devices="tripinfo_307" vType="CAV_L" speedFactor="1.00" vaporized=""/>
    <tripinfo id="433" depart="43.30" departLane="East_in_0" departPos="0.00" departSpeed="10.00" departDelay="0.00" arrival="116.20" arrivalLane="North_out_0" arrivalPos="388.65" arrivalSpeed="10.01" duration="72.90" routeLength="782.30" waitSteps="0" timeLoss="57.24" rerouteNo="0" devices="tripinfo_433" vType="CAV_R" speedFactor="1.00" vaporized=""/>
    <tripinfo id="438" depart="43.80" departLane="West_in_0" departPos="0.00" departSpeed="10.00" departDelay="0.00" arrival="116.20" arrivalLane="South_out_0" arrivalPos="388.65" arrivalSpeed="10.01" duration="72.40" routeLength="782.30" waitSteps="0" timeLoss="56.74" rerouteNo="0" devices="tripinfo_438" vType="CAV_R" speedFactor="1.00" vaporized=""/>
    <tripinfo id="417" depart="41.70" departLane="East_in_1" departPos="0.00" departSpeed="10.00" departDelay="0.00" arrival="118.00" arrivalLane="West_out_1" arrivalPos="388.65" arrivalSpeed="10.01" duration="76.30" routeLength="800.00" waitSteps="0" timeLoss="60.28" rerouteNo="0" devices="tripinfo_417" vType="CAV_F" speedFactor="1.00" vaporized=""/>
    <tripinfo id="357" depart="35.70" departLane="East_in_1" departPos="0.00" departSpeed="10.00" departDelay="0.00" arrival="118.00" arrivalLane="West_out_2" arrivalPos="388.65" arrivalSpeed="10.01" duration="82.30" routeLength="800.00" waitSteps="0" timeLoss="66.28" rerouteNo="0" devices="tripinfo_357" vType="CAV_F" speedFactor="1.00" vaporized=""/>
    <tripinfo id="314" depart="31.40" departLane="West_in_1" departPos="0.00" departSpeed="10.00" departDelay="0.00" arrival="118.00" arrivalLane="East_out_2" arrivalPos="388.65" arrivalSpeed="10.01" duration="86.60" routeLength="800.00" waitSteps="0" timeLoss="70.58" rerouteNo="0" devices="tripinfo_314" vType="CAV_F" speedFactor="1.00" vaporized=""/>
    <tripinfo id="435" depart="43.50" departLane="West_in_1" departPos="0.00" departSpeed="10.00" departDelay="0.00" arrival="118.00" arrivalLane="East_out_1" arrivalPos="388.65" arrivalSpeed="10.01" duration="74.50" routeLength="800.00" waitSteps="0" timeLoss="58.48" rerouteNo="0" devices="tripinfo_435" vType="CAV_F" speedFactor="1.00" vaporized=""/>
    <tripinfo id="359" depart="35.90" departLane="South_in_2" departPos="0.00" departSpeed="10.00" departDelay="0.00" arrival="121.20" arrivalLane="West_out_2" arrivalPos="388.65" arrivalSpeed="10.01" duration="85.30" routeLength="808.91" waitSteps="0" timeLoss="69.32" rerouteNo="0" devices="tripinfo_359" vType="CAV_L" speedFactor="1.00" vaporized=""/>
    <tripinfo id="400" depart="40.00" departLane="North_in_2" departPos="0.00" departSpeed="10.00" departDelay="0.00" arrival="121.20" arrivalLane="East_out_2" arrivalPos="388.65" arrivalSpeed="10.01" duration="81.20" routeLength="808.91" waitSteps="0" timeLoss="65.22" rerouteNo="0" devices="tripinfo_400" vType="CAV_L" speedFactor="1.00" vaporized=""/>
    <tripinfo id="502" depart="50.20" departLane="East_in_0" departPos="0.00" departSpeed="10.00" departDelay="0.00" arrival="123.00" arrivalLane="North_out_0" arrivalPos="388.65" arrivalSpeed="10.01" duration="72.80" routeLength="782.30" waitSteps="0" timeLoss="57.14" rerouteNo="0" devices="tripinfo_502" vType="CAV_R" speedFactor="1.00" vaporized=""/>
    <tripinfo id="360" depart="36.00" departLane="East_in_2" departPos="0.00" departSpeed="10.00" departDelay="0.00" arrival="124.60" arrivalLane="South_out_2" arrivalPos="388.65" arrivalSpeed="10.01" duration="88.60" routeLength="808.91" waitSteps="0" timeLoss="72.62" rerouteNo="0" devices="tripinfo_360" vType="CAV_L" speedFactor="1.00" vaporized=""/>
    <tripinfo id="362" depart="36.20" departLane="North_in_1" departPos="0.00" departSpeed="10.00" departDelay="0.00" arrival="124.70" arrivalLane="South_out_1" arrivalPos="388.65" arrivalSpeed="10.01" duration="88.50" routeLength="800.00" waitSteps="1" timeLoss="72.50" rerouteNo="0" devices="tripinfo_362" vType="CAV_F" speedFactor="1.00" vaporized=""/>
    <tripinfo id="399" depart="39.90" departLane="North_in_1" departPos="0.00" departSpeed="10.00" departDelay="0.00" arrival="124.70" arrivalLane="South_out_0" arrivalPos="388.65" arrivalSpeed="10.01" duration="84.80" routeLength="800.00" waitSteps="0" timeLoss="68.80" rerouteNo="0" devices="tripinfo_399" vType="CAV_F" speedFactor="1.00" vaporized=""/>
    <tripinfo id="413" depart="41.30" departLane="South_in_1" departPos="0.00" departSpeed="10.00" departDelay="0.00" arrival="128.10" arrivalLane="North_out_2" arrivalPos="388.65" arrivalSpeed="10.01" duration="86.80" routeLength="800.00" waitSteps="0" timeLoss="70.80" rerouteNo="0" devices="tripinfo_413" vType="CAV_F" speedFactor="1.00" vaporized=""/>
    <tripinfo id="386" depart="38.60" departLane="North_in_1" departPos="0.00" departSpeed="10.00" departDelay="0.00" arrival="128.10" arrivalLane="South_out_2" arrivalPos="388.65" arrivalSpeed="10.01" duration="89.50" routeLength="800.00" waitSteps="0" timeLoss="73.50" rerouteNo="0" devices="tripinfo_386" vType="CAV_F" speedFactor="1.00" vaporized=""/>
    <tripinfo id="403" depart="40.60" departLane="North_in_1" departPos="0.00" departSpeed="10.00" departDelay="0.30" arrival="128.10" arrivalLane="South_out_1" arrivalPos="388.65" arrivalSpeed="10.01" duration="87.50" routeLength="800.00" waitSteps="0" timeLoss="71.50" rerouteNo="0" devices="tripinfo_403" vType="CAV_F" speedFactor="1.00" vaporized=""/>
    <tripinfo id="545" depart="54.50" departLane="South_in_1" departPos="0.00" departSpeed="10.00" departDelay="0.00" arrival="128.10" arrivalLane="North_out_0" arrivalPos="388.65" arrivalSpeed="10.01" duration="73.60" routeLength="800.00" waitSteps="0" timeLoss="57.60" rerouteNo="0" devices="tripinfo_545" vType="CAV_F" speedFactor="1.00" vaporized=""/>
    <tripinfo id="440" depart="44.00" departLane="South_in_1" departPos="0.00" departSpeed="10.00" departDelay="0.00" arrival="128.10" arrivalLane="North_out_1" arrivalPos="388.65" arrivalSpeed="10.01" duration="84.10" routeLength="800.00" waitSteps="0" timeLoss="68.10" rerouteNo="0" devices="tripinfo_440" vType="CAV_F" speedFactor="1.00" vaporized=""/>
    <tripinfo id="448" depart="44.80" departLane="North_in_1" departPos="0.00" departSpeed="10.00" departDelay="0.00" arrival="128.10" arrivalLane="South_out_0" arrivalPos="388.65" arrivalSpeed="10.01" duration="83.30" routeLength="800.00" waitSteps="0" timeLoss="67.30" rerouteNo="0" devices="tripinfo_448" vType="CAV_F" speedFactor="1.00" vaporized=""/>
    <tripinfo id="512" depart="51.20" departLane="West_in_0" departPos="0.00" departSpeed="10.00" departDelay="0.00" arrival="129.70" arrivalLane="South_out_0" arrivalPos="388.65" arrivalSpeed="10.01" duration="78.50" routeLength="782.30" waitSteps="0" timeLoss="62.85" rerouteNo="0" devices="tripinfo_512" vType="CAV_R" speedFactor="1.00" vaporized=""/>
    <tripinfo id="463" depart="46.30" departLane="East_in_2" departPos="0.00" departSpeed="10.00" departDelay="0.00" arrival="131.30" arrivalLane="South_out_2" arrivalPos="388.65" arrivalSpeed="10.01" duration="85.00" routeLength="808.91" waitSteps="0" timeLoss="69.03" rerouteNo="0" devices="tripinfo_463" vType="CAV_L" speedFactor="1.00" vaporized=""/>
    <tripinfo id="529" depart="52.90" departLane="East_in_1" departPos="0.00" departSpeed="10.00" departDelay="0.00" arrival="131.50" arrivalLane="West_out_0" arrivalPos="388.65" arrivalSpeed="10.01" duration="78.60" routeLength="800.00" waitSteps="0" timeLoss="62.59" rerouteNo="0" devices="tripinfo_529" vType="CAV_F" speedFactor="1.00" vaporized=""/>
    <tripinfo id="487" depart="48.70" departLane="East_in_2" departPos="0.00" departSpeed="10.00" departDelay="0.00" arrival="131.90" arrivalLane="South_out_1" arrivalPos="388.65" arrivalSpeed="10.01" duration="83.20" routeLength="808.91" waitSteps="0" timeLoss="67.11" rerouteNo="0" devices="tripinfo_487" vType="CAV_L" speedFactor="1.00" vaporized=""/>
    <tripinfo id="530" depart="53.00" departLane="North_in_0" departPos="0.00" departSpeed="10.00" departDelay="0.00" arrival="133.10" arrivalLane="West_out_0" arrivalPos="388.65" arrivalSpeed="10.01" duration="80.10" routeLength="782.30" waitSteps="0" timeLoss="64.45" rerouteNo="0" devices="tripinfo_530" vType="CAV_R" speedFactor="1.00" vaporized=""/>
    <tripinfo id="507" depart="50.70" departLane="North_in_2" departPos="0.00" departSpeed="10.00" departDelay="0.00" arrival="134.70" arrivalLane="East_out_2" arrivalPos="388.65" arrivalSpeed="10.01" duration="84.00" routeLength="808.91" waitSteps="0" timeLoss="68.03" rerouteNo="0" devices="tripinfo_507" vType="CAV_L" speedFactor="1.00" vaporized=""/>
    <tripinfo id="532" depart="53.20" departLane="West_in_1" departPos="0.00" departSpeed="10.00" departDelay="0.00" arrival="134.90" arrivalLane="East_out_0" arrivalPos="388.65" arrivalSpeed="10.01" duration="81.70" routeLength="800.00" waitSteps="0" timeLoss="65.69" rerouteNo="0" devices="tripinfo_532" vType="CAV_F" speedFactor="1.00" vaporized=""/>
    <tripinfo id="531" depart="53.10" departLane="North_in_2" departPos="0.00" departSpeed="10.00" departDelay="0.00" arrival="135.30" arrivalLane="East_out_1" arrivalPos="388.65" arrivalSpeed="10.01" duration="82.20" routeLength="808.91" waitSteps="0" timeLoss="66.11" rerouteNo="0" devices="tripinfo_531" vType="CAV_L" speedFactor="1.00" vaporized=""/>
    <tripinfo id="654" depart="65.40" departLane="East_in_0" departPos="0.00" departSpeed="10.00" departDelay="0.00" arrival="136.50" arrivalLane="North_out_0" arrivalPos="388.65" arrivalSpeed="10.01" duration="71.10" routeLength="782.30" waitSteps="0" timeLoss="55.45" rerouteNo="0" devices="tripinfo_654" vType="CAV_R" speedFactor="1.00" vaporized=""/>
    <tripinfo id="604" depart="60.40" departLane="West_in_0" departPos="0.00" departSpeed="10.00" departDelay="0.00" arrival="136.50" arrivalLane="South_out_0" arrivalPos="388.65" arrivalSpeed="10.01" duration="76.10" routeLength="782.30" waitSteps="0" timeLoss="60.45" rerouteNo="0" devices="tripinfo_604" vType="CAV_R" speedFactor="1.00" vaporized=""/>
    <tripinfo id="544" depart="54.40" departLane="South_in_2" departPos="0.00" departSpeed="10.00" departDelay="0.00" arrival="138.10" arrivalLane="West_out_2" arrivalPos="388.65" arrivalSpeed="10.01" duration="83.70" routeLength="808.91" waitSteps="0" timeLoss="67.73" rerouteNo="0" devices="tripinfo_544" vType="CAV_L" speedFactor="1.00" vaporized=""/>
    <tripinfo id="552" depart="55.20" departLane="South_in_2" departPos="0.00" departSpeed="10.00" departDelay="0.00" arrival="138.60" arrivalLane="West_out_1" arrivalPos="388.65" arrivalSpeed="10.01" duration="83.40" routeLength="808.91" waitSteps="0" timeLoss="67.33" rerouteNo="0" devices="tripinfo_552" vType="CAV_L" speedFactor="1.00" vaporized=""/>
    <tripinfo id="558" depart="55.90" departLane="South_in_2" departPos="0.00" departSpeed="10.00" departDelay="0.10" arrival="139.20" arrivalLane="West_out_0" arrivalPos="388.65" arrivalSpeed="10.01" duration="83.30" routeLength="808.91" waitSteps="0" timeLoss="67.11" rerouteNo="0" devices="tripinfo_558" vType="CAV_L" speedFactor="1.00" vaporized=""/>
    <tripinfo id="660" depart="66.10" departLane="East_in_0" departPos="0.00" departSpeed="10.00" departDelay="0.10" arrival="139.90" arrivalLane="North_out_0" arrivalPos="388.65" arrivalSpeed="10.01" duration="73.80" routeLength="782.30" waitSteps="0" timeLoss="58.14" rerouteNo="0" devices="tripinfo_660" vType="CAV_R" speedFactor="1.00" vaporized=""/>
    <tripinfo id="605" depart="60.50" departLane="South_in_0" departPos="0.00" departSpeed="10.00" departDelay="0.00" arrival="139.90" arrivalLane="East_out_0" arrivalPos="388.65" arrivalSpeed="10.01" duration="79.40" routeLength="782.30" waitSteps="0" timeLoss="63.74" rerouteNo="0" devices="tripinfo_605" vType="CAV_R" speedFactor="1.00" vaporized=""/>
    <tripinfo id="556" depart="55.60" departLane="North_in_2" departPos="0.00" departSpeed="10.00" departDelay="0.00" arrival="141.50" arrivalLane="East_out_2" arrivalPos="388.65" arrivalSpeed="10.01" duration="85.90" routeLength="808.91" waitSteps="0" timeLoss="69.92" rerouteNo="0" devices="tripinfo_556" vType="CAV_L" speedFactor="1.00" vaporized=""/>
    <tripinfo id="554" depart="55.40" departLane="West_in_1" departPos="0.00" departSpeed="10.00" departDelay="0.00" arrival="141.70" arrivalLane="East_out_1" arrivalPos="388.65" arrivalSpeed="10.01" duration="86.30" routeLength="800.00" waitSteps="0" timeLoss="70.28" rerouteNo="0" devices="tripinfo_554" vType="CAV_F" speedFactor="1.00" vaporized=""/>
    <tripinfo id="585" depart="58.50" departLane="West_in_2" departPos="0.00" departSpeed="10.00" departDelay="0.00" arrival="144.90" arrivalLane="North_out_2" arrivalPos="388.65" arrivalSpeed="10.01" duration="86.40" routeLength="808.91" waitSteps="0" timeLoss="70.42" rerouteNo="0" devices="tripinfo_585" vType="CAV_L" speedFactor="1.00" vaporized=""/>
    <tripinfo id="613" depart="61.30" departLane="South_in_1" departPos="0.00" departSpeed="10.00" departDelay="0.00" arrival="145.10" arrivalLane="North_out_0" arrivalPos="388.65" arrivalSpeed="10.01" duration="83.80" routeLength="800.00" waitSteps="0" timeLoss="67.78" rerouteNo="0" devices="tripinfo_613" vType="CAV_F" speedFactor="1.00" vaporized=""/>
    <tripinfo id="569" depart="56.90" departLane="South_in_1" departPos="0.00" departSpeed="10.00" departDelay="0.00" arrival="145.10" arrivalLane="North_out_1" arrivalPos="388.65" arrivalSpeed="10.01" duration="88.20" routeLength="800.00" waitSteps="0" timeLoss="72.18" rerouteNo="0" devices="tripinfo_569" vType="CAV_F" speedFactor="1.00" vaporized=""/>
    <tripinfo id="716" depart="71.60" departLane="South_in_0" departPos="0.00" departSpeed="10.00" departDelay="0.00" arrival="146.70" arrivalLane="East_out_0" arrivalPos="388.65" arrivalSpeed="10.01" duration="75.10" routeLength="782.30" waitSteps="0" timeLoss="59.44" rerouteNo="0" devices="tripinfo_716" vType="CAV_R" speedFactor="1.00" vaporized=""/>
    <tripinfo id="579" depart="57.90" departLane="East_in_2" departPos="0.00" departSpeed="10.00" departDelay="0.00" arrival="148.30" arrivalLane="South_out_2" arrivalPos="388.65" arrivalSpeed="10.01" duration="90.40" routeLength="808.91" waitSteps="0" timeLoss="74.42" rerouteNo="0" devices="tripinfo_579" vType="CAV_L" speedFactor="1.00" vaporized=""/>
    <tripinfo id="667" depart="66.70" departLane="North_in_1" departPos="0.00" departSpeed="10.00" departDelay="0.00" arrival="148.40" arrivalLane="South_out_0" arrivalPos="388.65" arrivalSpeed="10.01" duration="81.70" routeLength="800.00" waitSteps="0" timeLoss="65.70" rerouteNo="0" devices="tripinfo_667" vType="CAV_F" speedFactor="1.00" vaporized=""/>
    <tripinfo id="639" depart="63.90" departLane="East_in_2" departPos="0.00" departSpeed="10.00" departDelay="0.00" arrival="148.80" arrivalLane="South_out_1" arrivalPos="388.65" arrivalSpeed="10.01" duration="84.90" routeLength="808.91" waitSteps="0" timeLoss="68.82" rerouteNo="0" devices="tripinfo_639" vType="CAV_L" speedFactor="1.00" vaporized=""/>
    <tripinfo id="774" depart="77.40" departLane="East_in_0" departPos="0.00" departSpeed="10.00" departDelay="0.00" arrival="150.10" arrivalLane="North_out_0" arrivalPos="388.65" arrivalSpeed="10.01" duration="72.70" routeLength="782.30" waitSteps="0" timeLoss="57.04" rerouteNo="0" devices="tripinfo_774" vType="CAV_R" speedFactor="1.00" vaporized=""/>
    <tripinfo id="755" depart="75.50" departLane="West_in_0" departPos="0.00" departSpeed="10.00" departDelay="0.00" arrival="150.10" arrivalLane="South_out_0" arrivalPos="388.65" arrivalSpeed="10.01" duration="74.60" routeLength="782.30" waitSteps="0" timeLoss="58.94" rerouteNo="0" devices="tripinfo_755" vType="CAV_R" speedFactor="1.00" vaporized=""/>
    <tripinfo id="607" depart="60.70" departLane="South_in_2" departPos="0.00" departSpeed="10.00" departDelay="0.00" arrival="151.70" arrivalLane="West_out_2" arrivalPos="388.65" arrivalSpeed="10.01" duration="91.00" routeLength="808.91" waitSteps="0" timeLoss="75.02" rerouteNo="0" devices="tripinfo_607" vType="CAV_L" speedFactor="1.00" vaporized=""/>
    <tripinfo id="644" depart="64.40" departLane="North_in_2" departPos="0.00" departSpeed="10.00" departDelay="0.00" arrival="151.70" arrivalLane="East_out_2" arrivalPos="388.65" arrivalSpeed="10.01" duration="87.30" routeLength="808.91" waitSteps="0" timeLoss="71.32" rerouteNo="0" devices="tripinfo_644" vType="CAV_L" speedFactor="1.00" vaporized=""/>
    <tripinfo id="835" depart="83.50" departLane="East_in_0" departPos="0.00" departSpeed="10.00" departDelay="0.00" arrival="153.40" arrivalLane="North_out_0" arrivalPos="388.65" arrivalSpeed="10.01" duration="69.90" routeLength="782.30" waitSteps="0" timeLoss="54.25" rerouteNo="0" devices="tripinfo_835" vType="CAV_R" speedFactor="1.00" vaporized=""/>
    <tripinfo id="792" depart="79.20" departLane="East_in_1" departPos="0.00" departSpeed="10.00" departDelay="0.00" arrival="155.20" arrivalLane="West_out_1" arrivalPos="388.65" arrivalSpeed="10.01" duration="76.00" routeLength="800.00" waitSteps="0" timeLoss="59.99" rerouteNo="0" devices="tripinfo_792" vType="CAV_F" speedFactor="1.00" vaporized=""/>
    <tripinfo id="646" depart="64.60" departLane="West_in_1" departPos="0.00" departSpeed="10.00" departDelay="0.00" arrival="155.20" arrivalLane="East_out_2" arrivalPos="388.65" arrivalSpeed="10.01" duration="90.60" routeLength="800.00" waitSteps="0" timeLoss="74.59" rerouteNo="0" devices="tripinfo_646" vType="CAV_F" speedFactor="1.00" vaporized=""/>
    <tripinfo id="702" depart="70.20" departLane="West_in_1" departPos="0.00" departSpeed="10.00" departDelay="0.00" arrival="155.20" arrivalLane="East_out_1" arrivalPos="388.65" arrivalSpeed="10.01" duration="85.00" routeLength="800.00" waitSteps="0" timeLoss="68.99" rerouteNo="0" devices="tripinfo_702" vType="CAV_F" speedFactor="1.00" vaporized=""/>
    <tripinfo id="808" depart="80.80" departLane="West_in_1" departPos="0.00" departSpeed="10.00" departDelay="0.00" arrival="155.20" arrivalLane="East_out_0" arrivalPos="388.65" arrivalSpeed="10.01" duration="74.40" routeLength="800.00" waitSteps="0" timeLoss="58.39" rerouteNo="0" devices="tripinfo_808" vType="CAV_F" speedFactor="1.00" vaporized=""/>
    <tripinfo id="832" depart="83.20" departLane="West_in_0" departPos="0.00" departSpeed="10.00" departDelay="0.00" arrival="156.80" arrivalLane="South_out_0" arrivalPos="388.65" arrivalSpeed="10.01" duration="73.60" routeLength="782.30" waitSteps="0" timeLoss="57.95" rerouteNo="0" devices="tripinfo_832" vType="CAV_R" speedFactor="1.00" vaporized=""/>
    <tripinfo id="671" depart="67.10" departLane="South_in_2" departPos="0.00" departSpeed="10.00" departDelay="0.00" arrival="158.40" arrivalLane="West_out_2" arrivalPos="388.65" arrivalSpeed="10.01" duration="91.30" routeLength="808.91" waitSteps="0" timeLoss="75.33" rerouteNo="0" devices="tripinfo_671" vType="CAV_L" speedFactor="1.00" vaporized=""/>
    <tripinfo id="734" depart="73.40" departLane="South_in_1" departPos="0.00" departSpeed="10.00" departDelay="0.00" arrival="158.60" arrivalLane="North_out_0" arrivalPos="388.65" arrivalSpeed="10.01" duration="85.20" routeLength="800.00" waitSteps="0" timeLoss="69.19" rerouteNo="0" devices="tripinfo_734" vType="CAV_F" speedFactor="1.00" vaporized=""/>
    <tripinfo id="682" depart="68.20" departLane="South_in_2" departPos="0.00" departSpeed="10.00" departDelay="0.00" arrival="158.90" arrivalLane="West_out_1" arrivalPos="388.65" arrivalSpeed="10.01" duration="90.70" routeLength="808.91" waitSteps="0" timeLoss="74.63" rerouteNo="0" devices="tripinfo_682" vType="CAV_L" speedFactor="1.00" vaporized=""/>
    <tripinfo id="842" depart="84.20" departLane="East_in_0" departPos="0.00" departSpeed="10.00" departDelay="0.00" arrival="160.20" arrivalLane="North_out_0" arrivalPos="388.65" arrivalSpeed="10.01" duration="76.00" routeLength="782.30" waitSteps="0" timeLoss="60.35" rerouteNo="0" devices="tripinfo_842" vType="CAV_R" speedFactor="1.00" vaporized=""/>
    <tripinfo id="719" depart="71.90" departLane="East_in_2" departPos="0.00" departSpeed="10.00" departDelay="0.00" arrival="161.80" arrivalLane="South_out_2" arrivalPos="388.65" arrivalSpeed="10.01" duration="89.90" routeLength="808.91" waitSteps="0" timeLoss="73.93" rerouteNo="0" devices="tripinfo_719" vType="CAV_L" speedFactor="1.00" vaporized=""/>
    <tripinfo id="796" depart="79.60" departLane="North_in_1" departPos="0.00" departSpeed="10.00" departDelay="0.00" arrival="162.00" arrivalLane="South_out_0" arrivalPos="388.65" arrivalSpeed="10.01" duration="82.40" routeLength="800.00" waitSteps="0" timeLoss="66.39" rerouteNo="0" devices="tripinfo_796" vType="CAV_F" speedFactor="1.00" vaporized=""/>
    <tripinfo id="731" depart="73.10" departLane="East_in_2" departPos="0.00" departSpeed="10.00" departDelay="0.00" arrival="162.30" arrivalLane="South_out_1" arrivalPos="388.65" arrivalSpeed="10.01" duration="89.20" routeLength="808.91" waitSteps="0" timeLoss="73.13" rerouteNo="0" devices="tripinfo_731" vType="CAV_L" speedFactor="1.00" vaporized=""/>
    <tripinfo id="771" depart="77.10" departLane="South_in_2" departPos="0.00" departSpeed="10.00" departDelay="0.00" arrival="165.20" arrivalLane="West_out_2" arrivalPos="388.65" arrivalSpeed="10.01" duration="88.10" routeLength="808.91" waitSteps="0" timeLoss="72.12" rerouteNo="0" devices="tripinfo_771" vType="CAV_L" speedFactor="1.00" vaporized=""/>
    <tripinfo id="754" depart="75.40" departLane="South_in_1" departPos="0.00" departSpeed="10.00" departDelay="0.00" arrival="165.40" arrivalLane="North_out_0" arrivalPos="388.65" arrivalSpeed="10.01" duration="90.00" routeLength="800.00" waitSteps="0" timeLoss="73.98" rerouteNo="0" devices="tripinfo_754" vType="CAV_F" speedFactor="1.00" vaporized=""/>
    <tripinfo id="782" depart="78.20" departLane="South_in_2" departPos="0.00" departSpeed="10.00" departDelay="0.00" arrival="165.70" arrivalLane="West_out_1" arrivalPos="388.65" arrivalSpeed="10.01" duration="87.50" routeLength="808.91" waitSteps="0" timeLoss="71.42" rerouteNo="0" devices="tripinfo_782" vType="CAV_L" speedFactor="1.00" vaporized=""/>
    <tripinfo id="954" depart="95.40" departLane="East_in_0" departPos="0.00" departSpeed="10.00" departDelay="0.00" arrival="167.00" arrivalLane="North_out_0" arrivalPos="388.65" arrivalSpeed="10.01" duration="71.60" routeLength="782.30" waitSteps="0" timeLoss="55.94" rerouteNo="0" devices="tripinfo_954" vType="CAV_R" speedFactor="1.00" vaporized=""/>
    <tripinfo id="940" depart="94.00" departLane="North_in_0" departPos="0.00" departSpeed="10.00" departDelay="0.00" arrival="167.00" arrivalLane="West_out_0" arrivalPos="388.65" arrivalSpeed="10.01" duration="73.00" routeLength="782.30" waitSteps="0" timeLoss="57.34" rerouteNo="0" devices="tripinfo_940" vType="CAV_R" speedFactor="1.00" vaporized=""/>
    <tripinfo id="944" depart="94.40" departLane="South_in_0" departPos="0.00" departSpeed="10.00" departDelay="0.00" arrival="167.00" arrivalLane="East_out_0" arrivalPos="388.65" arrivalSpeed="10.01" duration="72.60" routeLength="782.30" waitSteps="0" timeLoss="56.94" rerouteNo="0" devices="tripinfo_944" vType="CAV_R" speedFactor="1.00" vaporized=""/>
    <tripinfo id="849" depart="84.90" departLane="East_in_0" departPos="0.00" departSpeed="10.00" departDelay="0.00" arrival="167.50" arrivalLane="North_out_1" arrivalPos="388.65" arrivalSpeed="10.01" duration="82.60" routeLength="782.30" waitSteps="0" timeLoss="66.84" rerouteNo="0" devices="tripinfo_849" vType="CAV_R" speedFactor="1.00" vaporized=""/>
    <tripinfo id="794" depart="79.40" departLane="South_in_2" departPos="0.00" departSpeed="10.00" departDelay="0.00" arrival="168.60" arrivalLane="West_out_2" arrivalPos="388.65" arrivalSpeed="10.01" duration="89.20" routeLength="808.91" waitSteps="0" timeLoss="73.22" rerouteNo="0" devices="tripinfo_794" vType="CAV_L" speedFactor="1.00" vaporized=""/>
    <tripinfo id="804" depart="80.40" departLane="South_in_2" departPos="0.00" departSpeed="10.00" departDelay="0.00" arrival="169.10" arrivalLane="West_out_1" arrivalPos="388.65" arrivalSpeed="10.01" duration="88.70" routeLength="808.91" waitSteps="0" timeLoss="72.62" rerouteNo="0" devices="tripinfo_804" vType="CAV_L" speedFactor="1.00" vaporized=""/>
    <tripinfo id="814" depart="81.40" departLane="West_in_2" departPos="0.00" departSpeed="10.00" departDelay="0.00" arrival="172.00" arrivalLane="North_out_2" arrivalPos="388.65" arrivalSpeed="10.01" duration="90.60" routeLength="808.91" waitSteps="0" timeLoss="74.62" rerouteNo="0" devices="tripinfo_814" vType="CAV_L" speedFactor="1.00" vaporized=""/>
    <tripinfo id="850" depart="85.00" departLane="West_in_1" departPos="0.00" departSpeed="10.00" departDelay="0.00" arrival="172.10" arrivalLane="East_out_1" arrivalPos="388.65" arrivalSpeed="10.01" duration="87.10" routeLength="800.00" waitSteps="0" timeLoss="71.10" rerouteNo="0" devices="tripinfo_850" vType="CAV_F" speedFactor="1.00" vaporized=""/>
    <tripinfo id="894" depart="89.60" departLane="West_in_1" departPos="0.00" departSpeed="10.00" departDelay="0.20" arrival="172.10" arrivalLane="East_out_0" arrivalPos="388.65" arrivalSpeed="10.01" duration="82.50" routeLength="800.00" waitSteps="0" timeLoss="66.50" rerouteNo="0" devices="tripinfo_894" vType="CAV_F" speedFactor="1.00" vaporized=""/>
    <tripinfo id="972" depart="97.20" departLane="South_in_0" departPos="0.00" departSpeed="10.00" departDelay="0.00" arrival="173.80" arrivalLane="East_out_0" arrivalPos="388.65" arrivalSpeed="10.01" duration="76.60" routeLength="782.30" waitSteps="0" timeLoss="60.94" rerouteNo="0" devices="tripinfo_972" vType="CAV_R" speedFactor="1.00" vaporized=""/>
    <tripinfo id="959" depart="95.90" departLane="South_in_0" departPos="0.00" departSpeed="10.00" departDelay="0.00" arrival="174.30" arrivalLane="East_out_1" arrivalPos="388.65" arrivalSpeed="10.01" duration="78.40" routeLength="782.30" waitSteps="0" timeLoss="62.64" rerouteNo="0" devices="tripinfo_959" vType="CAV_R" speedFactor="1.00" vaporized=""/>
    <tripinfo id="853" depart="85.30" departLane="South_in_1" departPos="0.00" departSpeed="10.00" departDelay="0.00" arrival="175.50" arrivalLane="North_out_2" arrivalPos="388.65" arrivalSpeed="10.01" duration="90.20" routeLength="800.00" waitSteps="0" timeLoss="74.20" rerouteNo="0" devices="tripinfo_853" vType="CAV_F" speedFactor="1.00" vaporized=""/>
    <tripinfo id="908" depart="90.80" departLane="North_in_1" departPos="0.00" departSpeed="10.00" departDelay="0.00" arrival="175.50" arrivalLane="South_out_2" arrivalPos="388.65" arrivalSpeed="10.01" duration="84.70" routeLength="800.00" waitSteps="0" timeLoss="68.70" rerouteNo="0" devices="tripinfo_908" vType="CAV_F" speedFactor="1.00" vaporized=""/>
    <tripinfo id="911" depart="91.50" departLane="North_in_1" departPos="0.00" departSpeed="10.00" departDelay="0.40" arrival="175.50" arrivalLane="South_out_1" arrivalPos="388.65" arrivalSpeed="10.01" duration="84.00" routeLength="800.00" waitSteps="0" timeLoss="68.00" rerouteNo="0" devices="tripinfo_911" vType="CAV_F" speedFactor="1.00" vaporized=""/>
    <tripinfo id="962" depart="96.20" departLane="North_in_1" departPos="0.00" departSpeed="10.00" departDelay="0.00" arrival="175.50" arrivalLane="South_out_0" arrivalPos="388.65" arrivalSpeed="10.01" duration="79.30" routeLength="800.00" waitSteps="0" timeLoss="63.30" rerouteNo="0" devices="tripinfo_962" vType="CAV_F" speedFactor="1.00" vaporized=""/>
    <tripinfo id="1003" depart="100.30" departLane="West_in_0" departPos="0.00" departSpeed="10.00" departDelay="0.00" arrival="177.10" arrivalLane="South_out_0" arrivalPos="388.65" arrivalSpeed="10.01" duration="76.80" routeLength="782.30" waitSteps="0" timeLoss="61.15" rerouteNo="0" devices="tripinfo_1003" vType="CAV_R" speedFactor="1.00" vaporized=""/>
    <tripinfo id="983" depart="98.30" departLane="South_in_0" departPos="0.00" departSpeed="10.00" departDelay="0.00" arrival="177.10" arrivalLane="East_out_0" arrivalPos="388.65" arrivalSpeed="10.01" duration="78.80" routeLength="782.30" waitSteps="0" timeLoss="63.15" rerouteNo="0" devices="tripinfo_983" vType="CAV_R" speedFactor="1.00" vaporized=""/>
    <tripinfo id="965" depart="96.50" departLane="East_in_1" departPos="0.00" departSpeed="10.00" departDelay="0.00" arrival="178.90" arrivalLane="West_out_1" arrivalPos="388.65" arrivalSpeed="10.01" duration="82.40" routeLength="800.00" waitSteps="0" timeLoss="66.39" rerouteNo="0" devices="tripinfo_965" vType="CAV_F" speedFactor="1.00" vaporized=""/>
    <tripinfo id="872" depart="87.20" departLane="East_in_1" departPos="0.00" departSpeed="10.00" departDelay="0.00" arrival="178.90" arrivalLane="West_out_2" arrivalPos="388.65" arrivalSpeed="10.01" duration="91.70" routeLength="800.00" waitSteps="0" timeLoss="75.69" rerouteNo="0" devices="tripinfo_872" vType="CAV_F" speedFactor="1.00" vaporized=""/>
    <tripinfo id="889" depart="88.90" departLane="West_in_1" departPos="0.00" departSpeed="10.00" departDelay="0.00" arrival="178.90" arrivalLane="East_out_2" arrivalPos="388.65" arrivalSpeed="10.01" duration="90.00" routeLength="800.00" waitSteps="0" timeLoss="73.99" rerouteNo="0" devices="tripinfo_889" vType="CAV_F" speedFactor="1.00" vaporized=""/>
    <tripinfo id="947" depart="94.70" departLane="West_in_1" departPos="0.00" departSpeed="10.00" departDelay="0.00" arrival="178.90" arrivalLane="East_out_1" arrivalPos="388.65" arrivalSpeed="10.01" duration="84.20" routeLength="800.00" waitSteps="0" timeLoss="68.19" rerouteNo="0" devices="tripinfo_947" vType="CAV_F" speedFactor="1.00" vaporized=""/>
    <tripinfo id="998" depart="99.80" departLane="East_in_1" departPos="0.00" departSpeed="10.00" departDelay="0.00" arrival="178.90" arrivalLane="West_out_0" arrivalPos="388.65" arrivalSpeed="10.01" duration="79.10" routeLength="800.00" waitSteps="0" timeLoss="63.09" rerouteNo="0" devices="tripinfo_998" vType="CAV_F" speedFactor="1.00" vaporized=""/>
    <tripinfo id="1021" depart="102.10" departLane="East_in_0" departPos="0.00" departSpeed="10.00" departDelay="0.00" arrival="180.50" arrivalLane="North_out_0" arrivalPos="388.65" arrivalSpeed="10.01" duration="78.40" routeLength="782.30" waitSteps="0" timeLoss="62.75" rerouteNo="0" devices="tripinfo_1021" vType="CAV_R" speedFactor="1.00" vaporized=""/>
    <tripinfo id="918" depart="91.80" departLane="North_in_2" departPos="0.00" departSpeed="10.00" departDelay="0.00" arrival="182.10" arrivalLane="East_out_2" arrivalPos="388.65" arrivalSpeed="10.01" duration="90.30" routeLength="808.91" waitSteps="0" timeLoss="74.33" rerouteNo="0" devices="tripinfo_918" vType="CAV_L" speedFactor="1.00" vaporized=""/>
    <tripinfo id="1017" depart="101.70" departLane="North_in_1" departPos="0.00" departSpeed="10.00" departDelay="0.00" arrival="182.30" arrivalLane="South_out_0" arrivalPos="388.65" arrivalSpeed="10.01" duration="80.60" routeLength="800.00" waitSteps="0" timeLoss="64.59" rerouteNo="0" devices="tripinfo_1017" vType="CAV_F" speedFactor="1.00" vaporized=""/>
    <tripinfo id="963" depart="96.30" departLane="North_in_2" departPos="0.00" departSpeed="10.00" departDelay="0.00" arrival="182.60" arrivalLane="East_out_1" arrivalPos="388.65" arrivalSpeed="10.01" duration="86.30" routeLength="808.91" waitSteps="0" timeLoss="70.23" rerouteNo="0" devices="tripinfo_963" vType="CAV_L" speedFactor="1.00" vaporized=""/>
    <tripinfo id="992" depart="99.20" departLane="West_in_2" departPos="0.00" departSpeed="10.00" departDelay="0.00" arrival="185.50" arrivalLane="North_out_2" arrivalPos="388.65" arrivalSpeed="10.01" duration="86.30" routeLength="808.91" waitSteps="0" timeLoss="70.33" rerouteNo="0" devices="tripinfo_992" vType="CAV_L" speedFactor="1.00" vaporized=""/>
    <tripinfo id="945" depart="94.50" departLane="East_in_2" departPos="0.00" departSpeed="10.00" departDelay="0.00" arrival="185.50" arrivalLane="South_out_2" arrivalPos="388.65" arrivalSpeed="10.01" duration="91.00" routeLength="808.91" waitSteps="0" timeLoss="75.03" rerouteNo="0" devices="tripinfo_945" vType="CAV_L" speedFactor="1.00" vaporized=""/>
    <tripinfo id="1029" depart="102.90" departLane="East_in_2" departPos="0.00" departSpeed="10.00" departDelay="0.00" arrival="188.90" arrivalLane="South_out_2" arrivalPos="388.65" arrivalSpeed="10.01" duration="86.00" routeLength="808.91" waitSteps="0" timeLoss="70.03" rerouteNo="0" devices="tripinfo_1029" vType="CAV_L" speedFactor="1.00" vaporized=""/>
    <tripinfo id="1006" depart="100.60" departLane="East_in_1" departPos="0.00" departSpeed="10.00" departDelay="0.00" arrival="189.10" arrivalLane="West_out_1" arrivalPos="388.65" arrivalSpeed="10.01" duration="88.50" routeLength="800.00" waitSteps="0" timeLoss="72.49" rerouteNo="0" devices="tripinfo_1006" vType="CAV_F" speedFactor="1.00" vaporized=""/>
    <tripinfo id="1066" depart="106.60" departLane="East_in_1" departPos="0.00" departSpeed="10.00" departDelay="0.00" arrival="189.10" arrivalLane="West_out_0" arrivalPos="388.65" arrivalSpeed="10.01" duration="82.50" routeLength="800.00" waitSteps="0" timeLoss="66.49" rerouteNo="0" devices="tripinfo_1066" vType="CAV_F" speedFactor="1.00" vaporized=""/>
    <tripinfo id="1176" depart="117.60" departLane="East_in_0" departPos="0.00" departSpeed="10.00" departDelay="0.00" arrival="190.70" arrivalLane="North_out_0" arrivalPos="388.65" arrivalSpeed="10.01" duration="73.10" routeLength="782.30" waitSteps="0" timeLoss="57.44" rerouteNo="0" devices="tripinfo_1176" vType="CAV_R" speedFactor="1.00" vaporized=""/>
    <tripinfo id="1197" depart="119.70" departLane="North_in_0" departPos="0.00" departSpeed="10.00" departDelay="0.00" arrival="190.70" arrivalLane="West_out_0" arrivalPos="388.65" arrivalSpeed="10.01" duration="71.00" routeLength="782.30" waitSteps="0" timeLoss="55.34" rerouteNo="0" devices="tripinfo_1197" vType="CAV_R" speedFactor="1.00" vaporized=""/>
    <tripinfo id="1011" depart="101.10" departLane="West_in_2" departPos="0.00" departSpeed="10.00" departDelay="0.00" arrival="192.30" arrivalLane="North_out_2" arrivalPos="388.65" arrivalSpeed="10.01" duration="91.20" routeLength="808.91" waitSteps="0" timeLoss="75.22" rerouteNo="0" devices="tripinfo_1011" vType="CAV_L" speedFactor="1.00" vaporized=""/>
    <tripinfo id="1038" depart="103.80" departLane="West_in_1" departPos="0.00" departSpeed="10.00" departDelay="0.00" arrival="192.50" arrivalLane="East_out_1" arrivalPos="388.65" arrivalSpeed="10.01" duration="88.70" routeLength="800.00" waitSteps="0" timeLoss="72.68" rerouteNo="0" devices="tripinfo_1038" vType="CAV_F" speedFactor="1.00" vaporized=""/>
    <tripinfo id="1131" depart="113.10" departLane="West_in_1" departPos="0.00" departSpeed="10.00" departDelay="0.00" arrival="192.50" arrivalLane="East_out_0" arrivalPos="388.65" arrivalSpeed="10.01" duration="79.40" routeLength="800.00" waitSteps="0" timeLoss="63.38" rerouteNo="0" devices="tripinfo_1131" vType="CAV_F" speedFactor="1.00" vaporized=""/>
    <tripinfo id="1205" depart="120.50" departLane="South_in_0" departPos="0.00" departSpeed="10.00" departDelay="0.00" arrival="194.10" arrivalLane="East_out_0" arrivalPos="388.65" arrivalSpeed="10.01" duration="73.60" routeLength="782.30" waitSteps="0" timeLoss="57.94" rerouteNo="0" devices="tripinfo_1205" vType="CAV_R" speedFactor="1.00" vaporized=""/>
    <tripinfo id="1082" depart="108.20" departLane="South_in_1" departPos="0.00" departSpeed="10.00" departDelay="0.00" arrival="195.80" arrivalLane="North_out_2" arrivalPos="388.65" arrivalSpeed="10.01" duration="87.60" routeLength="800.00" waitSteps="0" timeLoss="71.60" rerouteNo="0" devices="tripinfo_1082" vType="CAV_F" speedFactor="1.00" vaporized=""/>
    <tripinfo id="1028" depart="102.80" departLane="North_in_1" departPos="0.00" departSpeed="10.00" departDelay="0.00" arrival="195.80" arrivalLane="South_out_2" arrivalPos="388.65" arrivalSpeed="10.01" duration="93.00" routeLength="800.00" waitSteps="0" timeLoss="77.00" rerouteNo="0" devices="tripinfo_1028" vType="CAV_F" speedFactor="1.00" vaporized=""/>
    <tripinfo id="1036" depart="103.60" departLane="North_in_1" departPos="0.00" departSpeed="10.00" departDelay="0.00" arrival="195.80" arrivalLane="South_out_1" arrivalPos="388.65" arrivalSpeed="10.01" duration="92.20" routeLength="800.00" waitSteps="0" timeLoss="76.20" rerouteNo="0" devices="tripinfo_1036" vType="CAV_F" speedFactor="1.00" vaporized=""/>
    <tripinfo id="1143" depart="114.30" departLane="South_in_1" departPos="0.00" departSpeed="10.00" departDelay="0.00" arrival="195.80" arrivalLane="North_out_1" arrivalPos="388.65" arrivalSpeed="10.01" duration="81.50" routeLength="800.00" waitSteps="0" timeLoss="65.50" rerouteNo="0" devices="tripinfo_1143" vType="CAV_F" speedFactor="1.00" vaporized=""/>
    <tripinfo id="1086" depart="108.60" departLane="North_in_1" departPos="0.00" departSpeed="10.00" departDelay="0.00" arrival="195.80" arrivalLane="South_out_0" arrivalPos="388.65" arrivalSpeed="10.01" duration="87.20" routeLength="800.00" waitSteps="0" timeLoss="71.20" rerouteNo="0" devices="tripinfo_1086" vType="CAV_F" speedFactor="1.00" vaporized=""/>
    <tripinfo id="1219" depart="121.90" departLane="West_in_0" departPos="0.00" departSpeed="10.00" departDelay="0.00" arrival="197.50" arrivalLane="South_out_0" arrivalPos="388.65" arrivalSpeed="10.01" duration="75.60" routeLength="782.30" waitSteps="0" timeLoss="59.94" rerouteNo="0" devices="tripinfo_1219" vType="CAV_R" speedFactor="1.00" vaporized=""/>
    <tripinfo id="1240" depart="124.00" departLane="South_in_0" departPos="0.00" departSpeed="10.00" departDelay="0.00" arrival="197.50" arrivalLane="East_out_0" arrivalPos="388.65" arrivalSpeed="10.01" duration="73.50" routeLength="782.30" waitSteps="0" timeLoss="57.84" rerouteNo="0" devices="tripinfo_1240" vType="CAV_R" speedFactor="1.00" vaporized=""/>
    <tripinfo id="1121" depart="112.10" departLane="South_in_2" departPos="0.00" departSpeed="10.00" departDelay="0.00" arrival="199.00" arrivalLane="West_out_2" arrivalPos="388.65" arrivalSpeed="10.01" duration="86.90" routeLength="808.91" waitSteps="0" timeLoss="70.94" rerouteNo="0" devices="tripinfo_1121" vType="CAV_L" speedFactor="1.00" vaporized=""/>
    <tripinfo id="1169" depart="116.90" departLane="East_in_1" departPos="0.00" departSpeed="10.00" departDelay="0.00" arrival="199.20" arrivalLane="West_out_1" arrivalPos="388.65" arrivalSpeed="10.01" duration="82.30" routeLength="800.00" waitSteps="0" timeLoss="66.30" rerouteNo="0" devices="tripinfo_1169" vType="CAV_F" speedFactor="1.00" vaporized=""/>
    <tripinfo id="1233" depart="123.30" departLane="East_in_1" departPos="0.00" departSpeed="10.00" departDelay="0.00" arrival="199.20" arrivalLane="West_out_0" arrivalPos="388.65" arrivalSpeed="10.01" duration="75.90" routeLength="800.00" waitSteps="0" timeLoss="59.90" rerouteNo="0" devices="tripinfo_1233" vType="CAV_F" speedFactor="1.00" vaporized=""/>
    <tripinfo id="1272" depart="127.20" departLane="North_in_0" departPos="0.00" departSpeed="10.00" departDelay="0.00" arrival="200.80" arrivalLane="West_out_0" arrivalPos="388.65" arrivalSpeed="10.01" duration="73.60" routeLength="782.30" waitSteps="0" timeLoss="57.95" rerouteNo="0" devices="tripinfo_1272" vType="CAV_R" speedFactor="1.00" vaporized=""/>
    <tripinfo id="1150" depart="115.00" departLane="West_in_2" departPos="0.00" departSpeed="10.00" departDelay="0.00" arrival="202.40" arrivalLane="North_out_2" arrivalPos="388.65" arrivalSpeed="10.01" duration="87.40" routeLength="808.91" waitSteps="0" timeLoss="71.43" rerouteNo="0" devices="tripinfo_1150" vType="CAV_L" speedFactor="1.00" vaporized=""/>
    <tripinfo id="1157" depart="115.70" departLane="West_in_2" departPos="0.00" departSpeed="10.00" departDelay="0.00" arrival="203.00" arrivalLane="North_out_1" arrivalPos="388.65" arrivalSpeed="10.01" duration="87.30" routeLength="808.91" waitSteps="0" timeLoss="71.21" rerouteNo="0" devices="tripinfo_1157" vType="CAV_L" speedFactor="1.00" vaporized=""/>
    <tripinfo id="1227" depart="122.70" departLane="West_in_2" departPos="0.00" departSpeed="10.00" departDelay="0.00" arrival="203.50" arrivalLane="North_out_0" arrivalPos="388.65" arrivalSpeed="10.01" duration="80.80" routeLength="808.91" waitSteps="0" timeLoss="64.61" rerouteNo="0" devices="tripinfo_1227" vType="CAV_L" speedFactor="1.00" vaporized=""/>
    <tripinfo id="1316" depart="131.80" departLane="East_in_0" departPos="0.00" departSpeed="10.00" departDelay="0.20" arrival="204.20" arrivalLane="North_out_0" arrivalPos="388.65" arrivalSpeed="10.01" duration="72.40" routeLength="782.30" waitSteps="0" timeLoss="56.75" rerouteNo="0" devices="tripinfo_1316" vType="CAV_R" speedFactor="1.00" vaporized=""/>
    <tripinfo id="1300" depart="130.00" departLane="West_in_0" departPos="0.00" departSpeed="10.00" departDelay="0.00" arrival="204.20" arrivalLane="South_out_0" arrivalPos="388.65" arrivalSpeed="10.01" duration="74.20" routeLength="782.30" waitSteps="0" timeLoss="58.55" rerouteNo="0" devices="tripinfo_1300" vType="CAV_R" speedFactor="1.00" vaporized=""/>
    <tripinfo id="1311" depart="131.10" departLane="East_in_0" departPos="0.00" departSpeed="10.00" departDelay="0.00" arrival="204.70" arrivalLane="North_out_1" arrivalPos="388.65" arrivalSpeed="10.01" duration="73.60" routeLength="782.30" waitSteps="0" timeLoss="57.85" rerouteNo="0" devices="tripinfo_1311" vType="CAV_R" speedFactor="1.00" vaporized=""/>
    <tripinfo id="1259" depart="125.90" departLane="South_in_1" departPos="0.00" departSpeed="10.00" departDelay="0.00" arrival="206.00" arrivalLane="North_out_2" arrivalPos="388.65" arrivalSpeed="10.01" duration="80.10" routeLength="800.00" waitSteps="0" timeLoss="64.09" rerouteNo="0" devices="tripinfo_1259" vType="CAV_F" speedFactor="1.00" vaporized=""/>
    <tripinfo id="1260" depart="126.00" departLane="East_in_2" departPos="0.00" departSpeed="10.00" departDelay="0.00" arrival="209.20" arrivalLane="South_out_2" arrivalPos="388.65" arrivalSpeed="10.01" duration="83.20" routeLength="808.91" waitSteps="0" timeLoss="67.23" rerouteNo="0" devices="tripinfo_1260" vType="CAV_L" speedFactor="1.00" vaporized=""/>
    <tripinfo id="1338" depart="133.80" departLane="East_in_1" departPos="0.00" departSpeed="10.00" departDelay="0.00" arrival="209.40" arrivalLane="West_out_0" arrivalPos="388.65" arrivalSpeed="10.01" duration="75.60" routeLength="800.00" waitSteps="0" timeLoss="59.59" rerouteNo="0" devices="tripinfo_1338" vType="CAV_F" speedFactor="1.00" vaporized=""/>
    <tripinfo id="1264" depart="126.70" departLane="East_in_2" departPos="0.00" departSpeed="10.00" departDelay="0.30" arrival="209.70" arrivalLane="South_out_1" arrivalPos="388.65" arrivalSpeed="10.01" duration="83.00" routeLength="808.91" waitSteps="0" timeLoss="66.93" rerouteNo="0" devices="tripinfo_1264" vType="CAV_L" speedFactor="1.00" vaporized=""/>
    <tripinfo id="1399" depart="139.90" departLane="North_in_0" departPos="0.00" departSpeed="10.00" departDelay="0.00" arrival="211.00" arrivalLane="West_out_0" arrivalPos="388.65" arrivalSpeed="10.01" duration="71.10" routeLength="782.30" waitSteps="0" timeLoss="55.45" rerouteNo="0" devices="tripinfo_1399" vType="CAV_R" speedFactor="1.00" vaporized=""/>
    <tripinfo id="1276" depart="127.60" departLane="North_in_2" departPos="0.00" departSpeed="10.00" departDelay="0.00" arrival="212.60" arrivalLane="East_out_2" arrivalPos="388.65" arrivalSpeed="10.01" duration="85.00" routeLength="808.91" waitSteps="0" timeLoss="69.03" rerouteNo="0" devices="tripinfo_1276" vType="CAV_L" speedFactor="1.00" vaporized=""/>
    <tripinfo id="1274" depart="127.40" departLane="West_in_1" departPos="0.00" departSpeed="10.00" departDelay="0.00" arrival="212.80" arrivalLane="East_out_1" arrivalPos="388.65" arrivalSpeed="10.01" duration="85.40" routeLength="800.00" waitSteps="0" timeLoss="69.39" rerouteNo="0" devices="tripinfo_1274" vType="CAV_F" speedFactor="1.00" vaporized=""/>
    <tripinfo id="1310" depart="131.00" departLane="West_in_1" departPos="0.00" departSpeed="10.00" departDelay="0.00" arrival="212.80" arrivalLane="East_out_0" arrivalPos="388.65" arrivalSpeed="10.01" duration="81.80" routeLength="800.00" waitSteps="0" timeLoss="65.79" rerouteNo="0" devices="tripinfo_1310" vType="CAV_F" speedFactor="1.00" vaporized=""/>
    <tripinfo id="1432" depart="143.20" departLane="West_in_0" departPos="0.00" departSpeed="10.00" departDelay="0.00" arrival="214.40" arrivalLane="South_out_0" arrivalPos="388.65" arrivalSpeed="10.01" duration="71.20" routeLength="782.30" waitSteps="0" timeLoss="55.54" rerouteNo="0" devices="tripinfo_1432" vType="CAV_R" speedFactor="1.00" vaporized=""/>
    <tripinfo id="1392" depart="139.20" departLane="West_in_0" departPos="0.00" departSpeed="10.00" departDelay="0.00" arrival="214.90" arrivalLane="South_out_1" arrivalPos="388.65" arrivalSpeed="10.01" duration="75.70" routeLength="782.30" waitSteps="0" timeLoss="59.94" rerouteNo="0" devices="tripinfo_1392" vType="CAV_R" speedFactor="1.00" vaporized=""/>
    <tripinfo id="1383" depart="138.30" departLane="West_in_0" departPos="0.00" departSpeed="10.00" departDelay="0.00" arrival="215.40" arrivalLane="South_out_2" arrivalPos="388.65" arrivalSpeed="10.01" duration="77.10" routeLength="782.30" waitSteps="0" timeLoss="61.24" rerouteNo="0" devices="tripinfo_1383" vType="CAV_R" speedFactor="1.00" vaporized=""/>
    <tripinfo id="1346" depart="134.60" departLane="South_in_2" departPos="0.00" departSpeed="10.00" departDelay="0.00" arrival="216.00" arrivalLane="West_out_2" arrivalPos="388.65" arrivalSpeed="10.01" duration="81.40" routeLength="808.91" waitSteps="0" timeLoss="65.42" rerouteNo="0" devices="tripinfo_1346" vType="CAV_L" speedFactor="1.00" vaporized=""/>
    <tripinfo id="1386" depart="138.60" departLane="South_in_1" departPos="0.00" departSpeed="10.00" departDelay="0.00" arrival="216.20" arrivalLane="North_out_0" arrivalPos="388.65" arrivalSpeed="10.01" duration="77.60" routeLength="800.00" waitSteps="0" timeLoss="61.58" rerouteNo="0" devices="tripinfo_1386" vType="CAV_F" speedFactor="1.00" vaporized=""/>
    <tripinfo id="1331" depart="133.10" departLane="South_in_1" departPos="0.00" departSpeed="10.00" departDelay="0.00" arrival="216.20" arrivalLane="North_out_1" arrivalPos="388.65" arrivalSpeed="10.01" duration="83.10" routeLength="800.00" waitSteps="0" timeLoss="67.08" rerouteNo="0" devices="tripinfo_1331" vType="CAV_F" speedFactor="1.00" vaporized=""/>
    <tripinfo id="1410" depart="141.00" departLane="East_in_0" departPos="0.00" departSpeed="10.00" departDelay="0.00" arrival="217.80" arrivalLane="North_out_0" arrivalPos="388.65" arrivalSpeed="10.01" duration="76.80" routeLength="782.30" waitSteps="0" timeLoss="61.14" rerouteNo="0" devices="tripinfo_1410" vType="CAV_R" speedFactor="1.00" vaporized=""/>
    <tripinfo id="1461" depart="146.10" departLane="North_in_0" departPos="0.00" departSpeed="10.00" departDelay="0.00" arrival="217.80" arrivalLane="West_out_0" arrivalPos="388.65" arrivalSpeed="10.01" duration="71.70" routeLength="782.30" waitSteps="0" timeLoss="56.04" rerouteNo="0" devices="tripinfo_1461" vType="CAV_R" speedFactor="1.00" vaporized=""/>
    <tripinfo id="1406" depart="140.60" departLane="South_in_0" departPos="0.00" departSpeed="10.00" departDelay="0.00" arrival="217.80" arrivalLane="East_out_0" arrivalPos="388.65" arrivalSpeed="10.01" duration="77.20" routeLength="782.30" waitSteps="0" timeLoss="61.54" rerouteNo="0" devices="tripinfo_1406" vType="CAV_R" speedFactor="1.00" vaporized=""/>
    <tripinfo id="1357" depart="135.70" departLane="West_in_2" departPos="0.00" departSpeed="10.00" departDelay="0.00" arrival="219.40" arrivalLane="North_out_2" arrivalPos="388.65" arrivalSpeed="10.01" duration="83.70" routeLength="808.91" waitSteps="0" timeLoss="67.72" rerouteNo="0" devices="tripinfo_1357" vType="CAV_L" speedFactor="1.00" vaporized=""/>
    <tripinfo id="1393" depart="139.30" departLane="South_in_1" departPos="0.00" departSpeed="10.00" departDelay="0.00" arrival="219.50" arrivalLane="North_out_1" arrivalPos="388.65" arrivalSpeed="10.01" duration="80.20" routeLength="800.00" waitSteps="0" timeLoss="64.20" rerouteNo="0" devices="tripinfo_1393" vType="CAV_F" speedFactor="1.00" vaporized=""/>
    <tripinfo id="1472" depart="147.20" departLane="East_in_0" departPos="0.00" departSpeed="10.00" departDelay="0.00" arrival="221.20" arrivalLane="North_out_0" arrivalPos="388.65" arrivalSpeed="10.01" duration="74.00" routeLength="782.30" waitSteps="0" timeLoss="58.34" rerouteNo="0" devices="tripinfo_1472" vType="CAV_R" speedFactor="1.00" vaporized=""/>
    <tripinfo id="1496" depart="149.60" departLane="North_in_0" departPos="0.00" departSpeed="10.00" departDelay="0.00" arrival="221.20" arrivalLane="West_out_0" arrivalPos="388.65" arrivalSpeed="10.01" duration="71.60" routeLength="782.30" waitSteps="0" timeLoss="55.94" rerouteNo="0" devices="tripinfo_1496" vType="CAV_R" speedFactor="1.00" vaporized=""/>
    <tripinfo id="1446" depart="144.60" departLane="South_in_0" departPos="0.00" departSpeed="10.00" departDelay="0.00" arrival="221.20" arrivalLane="East_out_0" arrivalPos="388.65" arrivalSpeed="10.01" duration="76.60" routeLength="782.30" waitSteps="0" timeLoss="60.94" rerouteNo="0" devices="tripinfo_1446" vType="CAV_R" speedFactor="1.00" vaporized=""/>
    <tripinfo id="1388" depart="138.80" departLane="East_in_1" departPos="0.00" departSpeed="10.00" departDelay="0.00" arrival="222.90" arrivalLane="West_out_1" arrivalPos="388.65" arrivalSpeed="10.01" duration="84.10" routeLength="800.00" waitSteps="0" timeLoss="68.10" rerouteNo="0" devices="tripinfo_1388" vType="CAV_F" speedFactor="1.00" vaporized=""/>
    <tripinfo id="1371" depart="137.10" departLane="East_in_1" departPos="0.00" departSpeed="10.00" departDelay="0.00" arrival="222.90" arrivalLane="West_out_2" arrivalPos="388.65" arrivalSpeed="10.01" duration="85.80" routeLength="800.00" waitSteps="0" timeLoss="69.80" rerouteNo="0" devices="tripinfo_1371" vType="CAV_F" speedFactor="1.00" vaporized=""/>
    <tripinfo id="1481" depart="148.10" departLane="West_in_1" departPos="0.00" departSpeed="10.00" departDelay="0.00" arrival="222.90" arrivalLane="East_out_1" arrivalPos="388.65" arrivalSpeed="10.01" duration="74.80" routeLength="800.00" waitSteps="0" timeLoss="58.80" rerouteNo="0" devices="tripinfo_1481" vType="CAV_F" speedFactor="1.00" vaporized=""/>
    <tripinfo id="1524" depart="152.40" departLane="East_in_0" departPos="0.00" departSpeed="10.00" departDelay="0.00" arrival="224.50" arrivalLane="North_out_0" arrivalPos="388.65" arrivalSpeed="10.01" duration="72.10" routeLength="782.30" waitSteps="0" timeLoss="56.45" rerouteNo="0" devices="tripinfo_1524" vType="CAV_R" speedFactor="1.00" vaporized=""/>
    <tripinfo id="1529" depart="152.90" departLane="South_in_0" departPos="0.00" departSpeed="10.00" departDelay="0.00" arrival="224.50" arrivalLane="East_out_0" arrivalPos="388.65" arrivalSpeed="10.01" duration="71.60" routeLength="782.30" waitSteps="0" timeLoss="55.95" rerouteNo="0" devices="tripinfo_1529" vType="CAV_R" speedFactor="1.00" vaporized=""/>
    <tripinfo id="1396" depart="139.60" departLane="North_in_2" departPos="0.00" departSpeed="10.00" departDelay="0.00" arrival="226.10" arrivalLane="East_out_2" arrivalPos="388.65" arrivalSpeed="10.01" duration="86.50" routeLength="808.91" waitSteps="0" timeLoss="70.53" rerouteNo="0" devices="tripinfo_1396" vType="CAV_L" speedFactor="1.00" vaporized=""/>
    <tripinfo id="1436" depart="143.60" departLane="North_in_1" departPos="0.00" departSpeed="10.00" departDelay="0.00" arrival="226.30" arrivalLane="South_out_0" arrivalPos="388.65" arrivalSpeed="10.01" duration="82.70" routeLength="800.00" waitSteps="0" timeLoss="66.69" rerouteNo="0" devices="tripinfo_1436" vType="CAV_F" speedFactor="1.00" vaporized=""/>
    <tripinfo id="1407" depart="140.70" departLane="North_in_2" departPos="0.00" departSpeed="10.00" departDelay="0.00" arrival="226.70" arrivalLane="East_out_1" arrivalPos="388.65" arrivalSpeed="10.01" duration="86.00" routeLength="808.91" waitSteps="0" timeLoss="69.91" rerouteNo="0" devices="tripinfo_1407" vType="CAV_L" speedFactor="1.00" vaporized=""/>
    <tripinfo id="1559" depart="155.90" departLane="West_in_0" departPos="0.00" departSpeed="10.00" departDelay="0.00" arrival="227.90" arrivalLane="South_out_0" arrivalPos="388.65" arrivalSpeed="10.01" duration="72.00" routeLength="782.30" waitSteps="0" timeLoss="56.35" rerouteNo="0" devices="tripinfo_1559" vType="CAV_R" speedFactor="1.00" vaporized=""/>
    <tripinfo id="1541" depart="154.10" departLane="West_in_0" departPos="0.00" departSpeed="10.00" departDelay="0.00" arrival="228.40" arrivalLane="South_out_1" arrivalPos="388.65" arrivalSpeed="10.01" duration="74.30" routeLength="782.30" waitSteps="0" timeLoss="58.55" rerouteNo="0" devices="tripinfo_1541" vType="CAV_R" speedFactor="1.00" vaporized=""/>
    <tripinfo id="1476" depart="147.60" departLane="South_in_2" departPos="0.00" departSpeed="10.00" departDelay="0.00" arrival="229.50" arrivalLane="West_out_2" arrivalPos="388.65" arrivalSpeed="10.01" duration="81.90" routeLength="808.91" waitSteps="0" timeLoss="65.93" rerouteNo="0" devices="tripinfo_1476" vType="CAV_L" speedFactor="1.00" vaporized=""/>
    <tripinfo id="1519" depart="151.90" departLane="South_in_1" departPos="0.00" departSpeed="10.00" departDelay="0.00" arrival="229.70" arrivalLane="North_out_0" arrivalPos="388.65" arrivalSpeed="10.01" duration="77.80" routeLength="800.00" waitSteps="0" timeLoss="61.79" rerouteNo="0" devices="tripinfo_1519" vType="CAV_F" speedFactor="1.00" vaporized=""/>
    <tripinfo id="1415" depart="141.50" departLane="South_in_1" departPos="0.00" departSpeed="10.00" departDelay="0.00" arrival="229.70" arrivalLane="North_out_1" arrivalPos="388.65" arrivalSpeed="10.01" duration="88.20" routeLength="800.00" waitSteps="0" timeLoss="72.19" rerouteNo="0" devices="tripinfo_1415" vType="CA