<?xml version="1.0" encoding="UTF-8"?>

<!-- generated on 01/28/22 09:34:26 by SUMO netconvert Version 0.32.0
<?xml version="1.0" encoding="UTF-8"?>

<configuration xmlns:xsi="http://www.w3.org/2001/XMLSchema-instance" xsi:noNamespaceSchemaLocation="http://sumo.dlr.de/xsd/netconvertConfiguration.xsd">

    <input>
        <node-files value="cross.nod.xml"/>
        <edge-files value="cross.edg.xml"/>
        <connection-files value="cross.con.xml"/>
    </input>

    <output>
        <output-file value="cross.net.xml"/>
    </output>

</configuration>
-->

<net version="0.27" xmlns:xsi="http://www.w3.org/2001/XMLSchema-instance" xsi:noNamespaceSchemaLocation="http://sumo.dlr.de/xsd/net_file.xsd">

    <location netOffset="400.00,400.00" convBoundary="0.00,0.00,800.00,800.00" origBoundary="-400.00,-400.00,400.00,400.00" projParameter="!"/>

    <edge id=":Center_0" function="internal">
        <lane id=":Center_0_0" index="0" speed="50.00" length="5.00" shape="391.75,411.35 391.56,409.99 390.98,409.02 390.01,408.44 388.65,408.25"/>
    </edge>
    <edge id=":Center_1" function="internal">
        <lane id=":Center_1_0" index="0" speed="50.00" length="22.70" shape="391.75,411.35 391.75,388.65"/>
    </edge>
    <edge id=":Center_2" function="internal">
        <lane id=":Center_2_0" index="0" speed="50.00" length="19.77" shape="391.75,411.35 392.98,402.77 396.65,396.65 400.05,394.61"/>
    </edge>
    <edge id=":Center_3" function="internal">
        <lane id=":Center_3_0" index="0" speed="50.00" length="5.28" shape="395.05,411.35 394.65,408.55 393.45,406.55 393.35,406.49"/>
    </edge>
    <edge id=":Center_4" function="internal">
        <lane id=":Center_4_0" index="0" speed="50.00" length="22.70" shape="395.05,411.35 395.05,388.65"/>
    </edge>
    <edge id=":Center_5" function="internal">
        <lane id=":Center_5_0" index="0" speed="50.00" length="14.22" shape="395.05,411.35 396.07,404.22 399.13,399.13 400.05,398.57"/>
    </edge>
    <edge id=":Center_6" function="internal">
        <lane id=":Center_6_0" index="0" speed="50.00" length="6.41" shape="398.35,411.35 397.74,407.11 396.65,405.28"/>
    </edge>
    <edge id=":Center_7" function="internal">
        <lane id=":Center_7_0" index="0" speed="50.00" length="22.70" shape="398.35,411.35 398.35,388.65"/>
    </edge>
    <edge id=":Center_8" function="internal">
        <lane id=":Center_8_0" index="0" speed="50.00" length="7.47" shape="398.35,411.35 399.16,405.66 400.05,404.18"/>
    </edge>
    <edge id=":Center_36" function="internal">
        <lane id=":Center_36_0" index="0" speed="50.00" length="11.84" shape="400.05,394.61 402.77,392.98 411.35,391.75"/>
    </edge>
    <edge id=":Center_37" function="internal">
        <lane id=":Center_37_0" index="0" speed="50.00" length="5.04" shape="393.35,406.49 391.45,405.35 388.65,404.95"/>
    </edge>
    <edge id=":Center_38" function="internal">
        <lane id=":Center_38_0" index="0" speed="50.00" length="12.07" shape="400.05,398.57 404.22,396.07 411.35,395.05"/>
    </edge>
    <edge id=":Center_39" function="internal">
        <lane id=":Center_39_0" index="0" speed="50.00" length="9.23" shape="396.65,405.28 395.93,404.08 392.89,402.26 388.65,401.65"/>
    </edge>
    <edge id=":Center_40" function="internal">
        <lane id=":Center_40_0" index="0" speed="50.00" length="13.50" shape="400.05,404.18 401.60,401.60 405.66,399.16 411.35,398.35"/>
    </edge>
    <edge id=":Center_9" function="internal">
        <lane id=":Center_9_0" index="0" speed="50.00" length="5.00" shape="411.35,408.25 409.99,408.44 409.02,409.02 408.44,409.99 408.25,411.35"/>
    </edge>
    <edge id=":Center_10" function="internal">
        <lane id=":Center_10_0" index="0" speed="50.00" length="22.70" shape="411.35,408.25 388.65,408.25"/>
    </edge>
    <edge id=":Center_11" function="internal">
        <lane id=":Center_11_0" index="0" speed="50.00" length="19.77" shape="411.35,408.25 402.77,407.02 396.65,403.35 394.61,399.95"/>
    </edge>
    <edge id=":Center_12" function="internal">
        <lane id=":Center_12_0" index="0" speed="50.00" length="5.28" shape="411.35,404.95 408.55,405.35 406.55,406.55 406.49,406.65"/>
    </edge>
    <edge id=":Center_13" function="internal">
        <lane id=":Center_13_0" index="0" speed="50.00" length="22.70" shape="411.35,404.95 388.65,404.95"/>
    </edge>
    <edge id=":Center_14" function="internal">
        <lane id=":Center_14_0" index="0" speed="50.00" length="14.22" shape="411.35,404.95 404.22,403.93 399.13,400.88 398.57,399.95"/>
    </edge>
    <edge id=":Center_15" function="internal">
        <lane id=":Center_15_0" index="0" speed="50.00" length="6.41" shape="411.35,401.65 407.11,402.26 405.28,403.35"/>
    </edge>
    <edge id=":Center_16" function="internal">
        <lane id=":Center_16_0" index="0" speed="50.00" length="22.70" shape="411.35,401.65 388.65,401.65"/>
    </edge>
    <edge id=":Center_17" function="internal">
        <lane id=":Center_17_0" index="0" speed="50.00" length="7.47" shape="411.35,401.65 405.66,400.84 404.18,399.95"/>
    </edge>
    <edge id=":Center_41" function="internal">
        <lane id=":Center_41_0" index="0" speed="50.00" length="11.84" shape="394.61,399.95 392.98,397.23 391.75,388.65"/>
    </edge>
    <edge id=":Center_42" function="internal">
        <lane id=":Center_42_0" index="0" speed="50.00" length="5.04" shape="406.49,406.65 405.35,408.55 404.95,411.35"/>
    </edge>
    <edge id=":Center_43" function="internal">
        <lane id=":Center_43_0" index="0" speed="50.00" length="12.07" shape="398.57,399.95 396.07,395.78 395.05,388.65"/>
    </edge>
    <edge id=":Center_44" function="internal">
        <lane id=":Center_44_0" index="0" speed="50.00" length="9.23" shape="405.28,403.35 404.08,404.07 402.26,407.11 401.65,411.35"/>
    </edge>
    <edge id=":Center_45" function="internal">
        <lane id=":Center_45_0" index="0" speed="50.00" length="13.50" shape="404.18,399.95 401.60,398.40 399.16,394.34 398.35,388.65"/>
    </edge>
    <edge id=":Center_18" function="internal">
        <lane id=":Center_18_0" index="0" speed="50.00" length="5.00" shape="408.25,388.65 408.44,390.01 409.02,390.98 409.99,391.56 411.35,391.75"/>
    </edge>
    <edge id=":Center_19" function="internal">
        <lane id=":Center_19_0" index="0" speed="50.00" length="22.70" shape="408.25,388.65 408.25,411.35"/>
    </edge>
    <edge id=":Center_20" function="internal">
        <lane id=":Center_20_0" index="0" speed="50.00" length="19.77" shape="408.25,388.65 407.02,397.23 403.35,403.35 399.95,405.39"/>
    </edge>
    <edge id=":Center_21" function="internal">
        <lane id=":Center_21_0" index="0" speed="50.00" length="5.28" shape="404.95,388.65 405.35,391.45 406.55,393.45 406.65,393.51"/>
    </edge>
    <edge id=":Center_22" function="internal">
        <lane id=":Center_22_0" index="0" speed="50.00" length="22.70" shape="404.95,388.65 404.95,411.35"/>
    </edge>
    <edge id=":Center_23" function="internal">
        <lane id=":Center_23_0" index="0" speed="50.00" length="14.22" shape="404.95,388.65 403.93,395.78 400.88,400.88 399.95,401.43"/>
    </edge>
    <edge id=":Center_24" function="internal">
        <lane id=":Center_24_0" index="0" speed="50.00" length="6.41" shape="401.65,388.65 402.26,392.89 403.35,394.72"/>
    </edge>
    <edge id=":Center_25" function="internal">
        <lane id=":Center_25_0" index="0" speed="50.00" length="22.70" shape="401.65,388.65 401.65,411.35"/>
    </edge>
    <edge id=":Center_26" function="internal">
        <lane id=":Center_26_0" index="0" speed="50.00" length="7.47" shape="401.65,388.65 400.84,394.34 399.95,395.82"/>
    </edge>
    <edge id=":Center_46" function="internal">
        <lane id=":Center_46_0" index="0" speed="50.00" length="11.84" shape="399.95,405.39 397.23,407.02 388.65,408.25"/>
    </edge>
    <edge id=":Center_47" function="internal">
        <lane id=":Center_47_0" index="0" speed="50.00" length="5.04" shape="406.65,393.51 408.55,394.65 411.35,395.05"/>
    </edge>
    <edge id=":Center_48" function="internal">
        <lane id=":Center_48_0" index="0" speed="50.00" length="12.07" shape="399.95,401.43 395.78,403.93 388.65,404.95"/>
    </edge>
    <edge id=":Center_49" function="internal">
        <lane id=":Center_49_0" index="0" speed="50.00" length="9.23" shape="403.35,394.72 404.07,395.92 407.11,397.74 411.35,398.35"/>
    </edge>
    <edge id=":Center_50" function="internal">
        <lane id=":Center_50_0" index="0" speed="50.00" length="13.50" shape="399.95,395.82 398.40,398.40 394.34,400.84 388.65,401.65"/>
    </edge>
    <edge id=":Center_27" function="internal">
        <lane id=":Center_27_0" index="0" speed="50.00" length="5.00" shape="388.65,391.75 390.01,391.56 390.98,390.98 391.56,390.01 391.75,388.65"/>
    </edge>
    <edge id=":Center_28" function="internal">
        <lane id=":Center_28_0" index="0" speed="50.00" length="22.70" shape="388.65,391.75 411.35,391.75"/>
    </edge>
    <edge id=":Center_29" function="internal">
        <lane id=":Center_29_0" index="0" speed="50.00" length="19.77" shape="388.65,391.75 397.23,392.98 403.35,396.65 405.39,400.05"/>
    </edge>
    <edge id=":Center_30" function="internal">
        <lane id=":Center_30_0" index="0" speed="50.00" length="5.28" shape="388.65,395.05 391.45,394.65 393.45,393.45 393.51,393.35"/>
    </edge>
    <edge id=":Center_31" function="internal">
        <lane id=":Center_31_0" index="0" speed="50.00" length="22.70" shape="388.65,395.05 411.35,395.05"/>
    </edge>
    <edge id=":Center_32" function="internal">
        <lane id=":Center_32_0" index="0" speed="50.00" length="14.22" shape="388.65,395.05 395.78,396.07 400.88,399.13 401.43,400.05"/>
    </edge>
    <edge id=":Center_33" function="internal">
        <lane id=":Center_33_0" index="0" speed="50.00" length="6.41" shape="388.65,398.35 392.89,397.74 394.72,396.65"/>
    </edge>
    <edge id=":Center_34" function="internal">
        <lane id=":Center_34_0" index="0" speed="50.00" length="22.70" shape="388.65,398.35 411.35,398.35"/>
    </edge>
    <edge id=":Center_35" function="internal">
        <lane id=":Center_35_0" index="0" speed="50.00" length="7.47" shape="388.65,398.35 394.34,399.16 395.82,400.05"/>
    </edge>
    <edge id=":Center_51" function="internal">
        <lane id=":Center_51_0" index="0" speed="50.00" length="11.84" shape="405.39,400.05 407.02,402.77 408.25,411.35"/>
    </edge>
    <edge id=":Center_52" function="internal">
        <lane id=":Center_52_0" index="0" speed="50.00" length="5.04" shape="393.51,393.35 394.65,391.45 395.05,388.65"/>
    </edge>
    <edge id=":Center_53" function="internal">
        <lane id=":Center_53_0" index="0" speed="50.00" length="12.07" shape="401.43,400.05 403.93,404.22 404.95,411.35"/>
    </edge>
    <edge id=":Center_54" function="internal">
        <lane id=":Center_54_0" index="0" speed="50.00" length="9.23" shape="394.72,396.65 395.92,395.93 397.74,392.89 398.35,388.65"/>
    </edge>
    <edge id=":Center_55" function="internal">
        <lane id=":Center_55_0" index="0" speed="50.00" length="13.50" shape="395.82,400.05 398.40,401.60 400.84,405.66 401.65,411.35"/>
    </edge>
    <edge id=":East_0" function="internal">
        <lane id=":East_0_0" index="0" speed="50.00" length="4.82" shape="800.00,398.35 801.24,399.17 801.65,400.00 801.24,400.82 800.00,401.65"/>
    </edge>
    <edge id=":North_0" function="internal">
        <lane id=":North_0_0" index="0" speed="50.00" length="4.82" shape="401.65,800.00 400.83,801.24 400.00,801.65 399.18,801.24 398.35,800.00"/>
    </edge>
    <edge id=":South_0" function="internal">
        <lane id=":South_0_0" index="0" speed="50.00" length="4.82" shape="398.35,-0.00 399.17,-1.24 400.00,-1.65 400.82,-1.24 401.65,-0.00"/>
    </edge>
    <edge id=":West_0" function="internal">
        <lane id=":West_0_0" index="0" speed="50.00" length="4.82" shape="-0.00,401.65 -1.24,400.83 -1.65,400.00 -1.24,399.18 -0.00,398.35"/>
    </edge>

    <edge id="East_in" from="East" to="Center" priority="78">
        <lane id="East_in_0" index="0" speed="50.00" length="388.65" shape="800.00,408.25 411.35,408.25"/>
        <lane id="East_in_1" index="1" speed="50.00" length="388.65" shape="800.00,404.95 411.35,404.95"/>
        <lane id="East_in_2" index="2" speed="50.00" length="388.65" shape="800.00,401.65 411.35,401.65"/>
    </edge>
    <edge id="East_out" from="Center" to="East" priority="78">
        <lane id="East_out_0" index="0" speed="50.00" length="388.65" shape="411.35,391.75 800.00,391.75"/>
        <lane id="East_out_1" index="1" speed="50.00" length="388.65" shape="411.35,395.05 800.00,395.05"/>
        <lane id="East_out_2" index="2" speed="50.00" length="388.65" shape="411.35,398.35 800.00,398.35"/>
    </edge>
    <edge id="North_in" from="North" to="Center" priority="78">
        <lane id="North_in_0" index="0" speed="50.00" length="388.65" shape="391.75,800.00 391.75,411.35"/>
        <lane id="North_in_1" index="1" speed="50.00" length="388.65" shape="395.05,800.00 395.05,411.35"/>
        <lane id="North_in_2" index="2" speed="50.00" length="388.65" shape="398.35,800.00 398.35,411.35"/>
    </edge>
    <edge id="North_out" from="Center" to="North" priority="78">
        <lane id="North_out_0" index="0" speed="50.00" length="388.65" shape="408.25,411.35 408.25,800.00"/>
        <lane id="North_out_1" index="1" speed="50.00" length="388.65" shape="404.95,411.35 404.95,800.00"/>
        <lane id="North_out_2" index="2" speed="50.00" length="388.65" shape="401.65,411.35 401.65,800.00"/>
    </edge>
    <edge id="South_in" from="South" to="Center" priority="78">
        <lane id="South_in_0" index="0" speed="50.00" length="388.65" shape="408.25,-0.00 408.25,388.65"/>
        <lane id="South_in_1" index="1" speed="50.00" length="388.65" shape="404.95,-0.00 404.95,388.65"/>
        <lane id="South_in_2" index="2" speed="50.00" length="388.65" shape="401.65,-0.00 401.65,388.65"/>
    </edge>
    <edge id="South_out" from="Center" to="South" priority="78">
        <lane id="South_out_0" index="0" speed="50.00" length="388.65" shape="391.75,388.65 391.75,-0.00"/>
        <lane id="South_out_1" index="1" speed="50.00" length="388.65" shape="395.05,388.65 395.05,-0.00"/>
        <lane id="South_out_2" index="2" speed="50.00" length="388.65" shape="398.35,388.65 398.35,-0.00"/>
    </edge>
    <edge id="West_in" from="West" to="Center" priority="78">
        <lane id="West_in_0" index="0" speed="50.00" length="388.65" shape="-0.00,391.75 388.65,391.75"/>
        <lane id="West_in_1" index="1" speed="50.00" length="388.65" shape="-0.00,395.05 388.65,395.05"/>
        <lane id="West_in_2" index="2" speed="50.00" length="388.65" shape="-0.00,398.35 388.65,398.35"/>
    </edge>
    <edge id="West_out" from="Center" to="West" priority="78">
        <lane id="West_out_0" index="0" speed="50.00" length="388.65" shape="388.65,408.25 -0.00,408.25"/>
        <lane id="West_out_1" index="1" speed="50.00" length="388.65" shape="388.65,404.95 -0.00,404.95"/>
        <lane id="West_out_2" index="2" speed="50.00" length="388.65" shape="388.65,401.65 -0.00,401.65"/>
    </edge>

    <tlLogic id="Center" type="static" programID="0" offset="0">
        <phase duration="19" state="GGggGggGgrrrrrrrrrGGggGggGgrrrrrrrrr"/>
        <phase duration="10" state="yyyyyyyygrrrrrrrrryyyyyyyygrrrrrrrrr"/>
        <phase duration="6" state="rrrrrrrrGrrrrrrrrrrrrrrrrrGrrrrrrrrr"/>
        <phase duration="10" state="rrrrrrrryrrrrrrrrrrrrrrrrryrrrrrrrrr"/>
        <phase duration="19" state="rrrrrrrrrGGggGggGgrrrrrrrrrGGggGggGg"/>
        <phase duration="10" state="rrrrrrrrryyyyyyyygrrrrrrrrryyyyyyyyg"/>
        <phase duration="6" state="rrrrrrrrrrrrrrrrrGrrrrrrrrrrrrrrrrrG"/>
        <phase duration="10" state="rrrrrrrrrrrrrrrrryrrrrrrrrrrrrrrrrry"/>
    </tlLogic>

    <junction id="Center" type="traffic_light" x="400.00" y="400.00" incLanes="North_in_0 North_in_1 North_in_2 East_in_0 East_in_1 East_in_2 South_in_0 South_in_1 South_in_2 West_in_0 West_in_1 West_in_2" intLanes=":Center_0_0 :Center_1_0 :Center_36_0 :Center_37_0 :Center_4_0 :Center_38_0 :Center_39_0 :Center_7_0 :Center_40_0 :Center_9_0 :Center_10_0 :Center_41_0 :Center_42_0 :Center_13_0 :Center_43_0 :Center_44_0 :Center_16_0 :Center_45_0 :Center_18_0 :Center_19_0 :Center_46_0 :Center_47_0 :Center_22_0 :Center_48_0 :Center_49_0 :Center_25_0 :Center_50_0 :Center_27_0 :Center_28_0 :Center_51_0 :Center_52_0 :Center_31_0 :Center_53_0 :Center_54_0 :Center_34_0 :Center_55_0" shape="390.15,411.35 409.85,411.35 411.35,409.85 411.35,390.15 409.85,388.65 390.15,388.65 388.65,390.15 388.65,409.85">
        <request index="0" response="000000000000000000000000000000000000" foes="000000000100100100010010010000000000" cont="0"/>
        <request index="1" response="000000000000000000000000000000000000" foes="111111111100100100110110110000000000" cont="0"/>
        <request index="2" response="000000000011011011000000000010010000" foes="110110110011011011110110110010010000" cont="1"/>
        <request index="3" response="000000000000000000000000000000000110" foes="000000000100100100010010010000000110" cont="1"/>
        <request index="4" response="000000000000000000000000000000000000" foes="111111111100100100110110110000000000" cont="0"/>
        <request index="5" response="000000000011011011000000000010000000" foes="110110110011011011110110110010000000" cont="1"/>
        <request index="6" response="000000000000000000000000000000110110" foes="000000000100100100010010010000110110" cont="1"/>
        <request index="7" response="000000000000000000000000000000000000" foes="111111111100100100110110110000000000" cont="0"/>
        <request index="8" response="000000000011011011000000000000000000" foes="110110110011011011110110110000000000" cont="1"/>
        <request index="9" response="000000000010010010000000000000000000" foes="100100100010010010000000000000000000" cont="0"/>
        <request index="10" response="000000000110110110000000000111111111" foes="100100100110110110000000000111111111" cont="0"/>
        <request index="11" response="011011011110110110010010000110110110" foes="011011011110110110010010000110110110" cont="1"/>
        <request index="12" response="000000000010010010000000110000000000" foes="100100100010010010000000110000000000" cont="1"/>
        <request index="13" response="000000000110110110000000000111111111" foes="100100100110110110000000000111111111" cont="0"/>
        <request index="14" response="011011011110110110010000000110110110" foes="011011011110110110010000000110110110" cont="1"/>
        <request index="15" response="000000000010010010000110110000000000" foes="100100100010010010000110110000000000" cont="1"/>
        <request index="16" response="000000000110110110000000000111111111" foes="100100100110110110000000000111111111" cont="0"/>
        <request index="17" response="011011011110110110000000000110110110" foes="011011011110110110000000000110110110" cont="1"/>
        <request index="18" response="000000000000000000000000000000000000" foes="010010010000000000000000000100100100" cont="0"/>
        <request index="19" response="000000000000000000000000000000000000" foes="110110110000000000111111111100100100" cont="0"/>
        <request index="20" response="000000000010010000000000000011011011" foes="110110110010010000110110110011011011" cont="1"/>
        <request index="21" response="000000000000000110000000000000000000" foes="010010010000000110000000000100100100" cont="1"/>
        <request index="22" response="000000000000000000000000000000000000" foes="110110110000000000111111111100100100" cont="0"/>
        <request index="23" response="000000000010000000000000000011011011" foes="110110110010000000110110110011011011" cont="1"/>
        <request index="24" response="000000000000110110000000000000000000" foes="010010010000110110000000000100100100" cont="1"/>
        <request index="25" response="000000000000000000000000000000000000" foes="110110110000000000111111111100100100" cont="0"/>
        <request index="26" response="000000000000000000000000000011011011" foes="110110110000000000110110110011011011" cont="1"/>
        <request index="27" response="000000000000000000000000000010010010" foes="000000000000000000100100100010010010" cont="0"/>
        <request index="28" response="000000000111111111000000000110110110" foes="000000000111111111100100100110110110" cont="0"/>
        <request index="29" response="010010000110110110011011011110110110" foes="010010000110110110011011011110110110" cont="1"/>
        <request index="30" response="000000110000000000000000000010010010" foes="000000110000000000100100100010010010" cont="1"/>
        <request index="31" response="000000000111111111000000000110110110" foes="000000000111111111100100100110110110" cont="0"/>
        <request index="32" response="010000000110110110011011011110110110" foes="010000000110110110011011011110110110" cont="1"/>
        <request index="33" response="000110110000000000000000000010010010" foes="000110110000000000100100100010010010" cont="1"/>
        <request index="34" response="000000000111111111000000000110110110" foes="000000000111111111100100100110110110" cont="0"/>
        <request index="35" response="000000000110110110011011011110110110" foes="000000000110110110011011011110110110" cont="1"/>
    </junction>
    <junction id="East" type="priority" x="800.00" y="400.00" incLanes="East_out_0 East_out_1 East_out_2" intLanes=":East_0_0" shape="800.00,400.05 800.00,390.15 800.00,399.95">
        <request index="0" response="0" foes="0" cont="0"/>
    </junction>
    <junction id="North" type="priority" x="400.00" y="800.00" incLanes="North_out_0 North_out_1 North_out_2" intLanes=":North_0_0" shape="399.95,800.00 409.85,800.00 400.05,800.00">
        <request index="0" response="0" foes="0" cont="0"/>
    </junction>
    <junction id="South" type="priority" x="400.00" y="0.00" incLanes="South_out_0 South_out_1 South_out_2" intLanes=":South_0_0" shape="400.05,-0.00 390.15,-0.00 399.95,-0.00">
        <request index="0" response="0" foes="0" cont="0"/>
    </junction>
    <junction id="West" type="priority" x="0.00" y="400.00" incLanes="West_out_0 West_out_1 West_out_2" intLanes=":West_0_0" shape="-0.00,399.95 -0.00,409.85 -0.00,400.05">
        <request index="0" response="0" foes="0" cont="0"/>
    </junction>

    <junction id=":Center_36_0" type="internal" x="400.05" y="394.61" incLanes=":Center_2_0 South_in_0 South_in_1 South_in_2" intLanes=":Center_4_0 :Center_7_0 :Center_10_0 :Center_11_0 :Center_13_0 :Center_14_0 :Center_16_0 :Center_17_0 :Center_18_0 :Center_19_0 :Center_21_0 :Center_22_0 :Center_24_0 :Center_25_0 :Center_28_0 :Center_29_0 :Center_31_0 :Center_32_0 :Center_34_0 :Center_35_0"/>
    <junction id=":Center_37_0" type="internal" x="393.35" y="406.49" incLanes=":Center_3_0 North_in_0" intLanes=":Center_1_0 :Center_2_0 :Center_10_0 :Center_13_0 :Center_16_0 :Center_20_0 :Center_23_0 :Center_26_0"/>
    <junction id=":Center_38_0" type="internal" x="400.05" y="398.57" incLanes=":Center_5_0 South_in_0 South_in_1 South_in_2" intLanes=":Center_7_0 :Center_10_0 :Center_11_0 :Center_13_0 :Center_14_0 :Center_16_0 :Center_17_0 :Center_18_0 :Center_19_0 :Center_21_0 :Center_22_0 :Center_24_0 :Center_25_0 :Center_28_0 :Center_29_0 :Center_31_0 :Center_32_0 :Center_34_0 :Center_35_0"/>
    <junction id=":Center_39_0" type="internal" x="396.65" y="405.28" incLanes=":Center_6_0 North_in_0 North_in_1" intLanes=":Center_1_0 :Center_2_0 :Center_4_0 :Center_5_0 :Center_10_0 :Center_13_0 :Center_16_0 :Center_20_0 :Center_23_0 :Center_26_0"/>
    <junction id=":Center_40_0" type="internal" x="400.05" y="404.18" incLanes=":Center_8_0 South_in_0 South_in_1 South_in_2" intLanes=":Center_10_0 :Center_11_0 :Center_13_0 :Center_14_0 :Center_16_0 :Center_17_0 :Center_18_0 :Center_19_0 :Center_21_0 :Center_22_0 :Center_24_0 :Center_25_0 :Center_28_0 :Center_29_0 :Center_31_0 :Center_32_0 :Center_34_0 :Center_35_0"/>
    <junction id=":Center_41_0" type="internal" x="394.61" y="399.95" incLanes=":Center_11_0 West_in_0 West_in_1 West_in_2" intLanes=":Center_1_0 :Center_2_0 :Center_4_0 :Center_5_0 :Center_7_0 :Center_8_0 :Center_13_0 :Center_16_0 :Center_19_0 :Center_20_0 :Center_22_0 :Center_23_0 :Center_25_0 :Center_26_0 :Center_27_0 :Center_28_0 :Center_30_0 :Center_31_0 :Center_33_0 :Center_34_0"/>
    <junction id=":Center_42_0" type="internal" x="406.49" y="406.65" incLanes=":Center_12_0 East_in_0" intLanes=":Center_10_0 :Center_11_0 :Center_19_0 :Center_22_0 :Center_25_0 :Center_29_0 :Center_32_0 :Center_35_0"/>
    <junction id=":Center_43_0" type="internal" x="398.57" y="399.95" incLanes=":Center_14_0 West_in_0 West_in_1 West_in_2" intLanes=":Center_1_0 :Center_2_0 :Center_4_0 :Center_5_0 :Center_7_0 :Center_8_0 :Center_16_0 :Center_19_0 :Center_20_0 :Center_22_0 :Center_23_0 :Center_25_0 :Center_26_0 :Center_27_0 :Center_28_0 :Center_30_0 :Center_31_0 :Center_33_0 :Center_34_0"/>
    <junction id=":Center_44_0" type="internal" x="405.28" y="403.35" incLanes=":Center_15_0 East_in_0 East_in_1" intLanes=":Center_10_0 :Center_11_0 :Center_13_0 :Center_14_0 :Center_19_0 :Center_22_0 :Center_25_0 :Center_29_0 :Center_32_0 :Center_35_0"/>
    <junction id=":Center_45_0" type="internal" x="404.18" y="399.95" incLanes=":Center_17_0 West_in_0 West_in_1 West_in_2" intLanes=":Center_1_0 :Center_2_0 :Center_4_0 :Center_5_0 :Center_7_0 :Center_8_0 :Center_19_0 :Center_20_0 :Center_22_0 :Center_23_0 :Center_25_0 :Center_26_0 :Center_27_0 :Center_28_0 :Center_30_0 :Center_31_0 :Center_33_0 :Center_34_0"/>
    <junction id=":Center_46_0" type="internal" x="399.95" y="405.39" incLanes=":Center_20_0 North_in_0 North_in_1 North_in_2" intLanes=":Center_0_0 :Center_1_0 :Center_3_0 :Center_4_0 :Center_6_0 :Center_7_0 :Center_10_0 :Center_11_0 :Center_13_0 :Center_14_0 :Center_16_0 :Center_17_0 :Center_22_0 :Center_25_0 :Center_28_0 :Center_29_0 :Center_31_0 :Center_32_0 :Center_34_0 :Center_35_0"/>
    <junction id=":Center_47_0" type="internal" x="406.65" y="393.51" incLanes=":Center_21_0 South_in_0" intLanes=":Center_2_0 :Center_5_0 :Center_8_0 :Center_19_0 :Center_20_0 :Center_28_0 :Center_31_0 :Center_34_0"/>
    <junction id=":Center_48_0" type="internal" x="399.95" y="401.43" incLanes=":Center_23_0 North_in_0 North_in_1 North_in_2" intLanes=":Center_0_0 :Center_1_0 :Center_3_0 :Center_4_0 :Center_6_0 :Center_7_0 :Center_10_0 :Center_11_0 :Center_13_0 :Center_14_0 :Center_16_0 :Center_17_0 :Center_25_0 :Center_28_0 :Center_29_0 :Center_31_0 :Center_32_0 :Center_34_0 :Center_35_0"/>
    <junction id=":Center_49_0" type="internal" x="403.35" y="394.72" incLanes=":Center_24_0 South_in_0 South_in_1" intLanes=":Center_2_0 :Center_5_0 :Center_8_0 :Center_19_0 :Center_20_0 :Center_22_0 :Center_23_0 :Center_28_0 :Center_31_0 :Center_34_0"/>
    <junction id=":Center_50_0" type="internal" x="399.95" y="395.82" incLanes=":Center_26_0 North_in_0 North_in_1 North_in_2" intLanes=":Center_0_0 :Center_1_0 :Center_3_0 :Center_4_0 :Center_6_0 :Center_7_0 :Center_10_0 :Center_11_0 :Center_13_0 :Center_14_0 :Center_16_0 :Center_17_0 :Center_28_0 :Center_29_0 :Center_31_0 :Center_32_0 :Center_34_0 :Center_35_0"/>
    <junction id=":Center_51_0" type="internal" x="405.39" y="400.05" incLanes=":Center_29_0 East_in_0 East_in_1 East_in_2" intLanes=":Center_1_0 :Center_2_0 :Center_4_0 :Center_5_0 :Center_7_0 :Center_8_0 :Center_9_0 :Center_10_0 :Center_12_0 :Center_13_0 :Center_15_0 :Center_16_0 :Center_19_0 :Center_20_0 :Center_22_0 :Center_23_0 :Center_25_0 :Center_26_0 :Center_31_0 :Center_34_0"/>
    <junction id=":Center_52_0" type="internal" x="393.51" y="393.35" incLanes=":Center_30_0 West_in_0" intLanes=":Center_1_0 :Center_4_0 :Center_7_0 :Center_11_0 :Center_14_0 :Center_17_0 :Center_28_0 :Center_29_0"/>
    <junction id=":Center_53_0" type="internal" x="401.43" y="400.05" incLanes=":Center_32_0 East_in_0 East_in_1 East_in_2" intLanes=":Center_1_0 :Center_2_0 :Center_4_0 :Center_5_0 :Center_7_0 :Center_8_0 :Center_9_0 :Center_10_0 :Center_12_0 :Center_13_0 :Center_15_0 :Center_16_0 :Center_19_0 :Center_20_0 :Center_22_0 :Center_23_0 :Center_25_0 :Center_26_0 :Center_34_0"/>
    <junction id=":Center_54_0" type="internal" x="394.72" y="396.65" incLanes=":Center_33_0 West_in_0 West_in_1" intLanes=":Center_1_0 :Center_4_0 :Center_7_0 :Center_11_0 :Center_14_0 :Center_17_0 :Center_28_0 :Center_29_0 :Center_31_0 :Center_32_0"/>
    <junction id=":Center_55_0" type="internal" x="395.82" y="400.05" incLanes=":Center_35_0 East_in_0 East_in_1 East_in_2" intLanes=":Center_1_0 :Center_2_0 :Center_4_0 :Center_5_0 :Center_7_0 :Center_8_0 :Center_9_0 :Center_10_0 :Center_12_0 :Center_13_0 :Center_15_0 :Center_16_0 :Center_19_0 :Center_20_0 :Center_22_0 :Center_23_0 :Center_25_0 :Center_26_0"/>

    <connection from="East_in" to="North_out" fromLane="0" toLane="0" via=":Center_9_0" tl="Center" linkIndex="9" dir="r" state="o"/>
    <connection from="East_in" to="West_out" fromLane="0" toLane="0" via=":Center_10_0" tl="Center" linkIndex="10" dir="s" state="o"/>
    <connection from="East_in" to="South_out" fromLane="0" toLane="0" via=":Center_11_0" tl="Center" linkIndex="11" dir="l" state="o"/>
    <connection from="East_in" to="North_out" fromLane="1" toLane="1" via=":Center_12_0" tl="Center" linkIndex="12" dir="r" state="o"/>
    <connection from="East_in" to="West_out" fromLane="1" toLane="1" via=":Center_13_0" tl="Center" linkIndex="13" dir="s" state="o"/>
    <connection from="East_in" to="South_out" fromLane="1" toLane="1" via=":Center_14_0" tl="Center" linkIndex="14" dir="l" state="o"/>
    <connection from="East_in" to="North_out" fromLane="2" toLane="2" via=":Center_15_0" tl="Center" linkIndex="15" dir="r" state="o"/>
    <connection from="East_in" to="West_out" fromLane="2" toLane="2" via=":Center_16_0" tl="Center" linkIndex="16" dir="s" state="o"/>
    <connection from="East_in" to="South_out" fromLane="2" toLane="2" via=":Center_17_0" tl="Center" linkIndex="17" dir="l" state="o"/>
    <connection from="East_out" to="East_in" fromLane="2" toLane="2" via=":East_0_0" dir="t" state="M"/>
    <connection from="North_in" to="West_out" fromLane="0" toLane="0" via=":Center_0_0" tl="Center" linkIndex="0" dir="r" state="o"/>
    <connection from="North_in" to="South_out" fromLane="0" toLane="0" via=":Center_1_0" tl="Center" linkIndex="1" dir="s" state="o"/>
    <connection from="North_in" to="East_out" fromLane="0" toLane="0" via=":Center_2_0" tl="Center" linkIndex="2" dir="l" state="o"/>
    <connection from="North_in" to="West_out" fromLane="1" toLane="1" via=":Center_3_0" tl="Center" linkIndex="3" dir="r" state="o"/>
    <connection from="North_in" to="South_out" fromLane="1" toLane="1" via=":Center_4_0" tl="Center" linkIndex="4" dir="s" state="o"/>
    <connection from="North_in" to="East_out" fromLane="1" toLane="1" via=":Center_5_0" tl="Center" linkIndex="5" dir="l" state="o"/>
    <connection from="North_in" to="West_out" fromLane="2" toLane="2" via=":Center_6_0" tl="Center" linkIndex="6" dir="r" state="o"/>
    <connection from="North_in" to="South_out" fromLane="2" toLane="2" via=":Center_7_0" tl="Center" linkIndex="7" dir="s" state="o"/>
    <connection from="North_in" to="East_out" fromLane="2" toLane="2" via=":Center_8_0" tl="Center" linkIndex="8" dir="l" state="o"/>
    <connection from="North_out" to="North_in" fromLane="2" toLane="2" via=":North_0_0" dir="t" state="M"/>
    <connection from="South_in" to="East_out" fromLane="0" toLane="0" via=":Center_18_0" tl="Center" linkIndex="18" dir="r" state="o"/>
    <connection from="South_in" to="North_out" fromLane="0" toLane="0" via=":Center_19_0" tl="Center" linkIndex="19" dir="s" state="o"/>
    <connection from="South_in" to="West_out" fromLane="0" toLane="0" via=":Center_20_0" tl="Center" linkIndex="20" dir="l" state="o"/>
    <connection from="South_in" to="East_out" fromLane="1" toLane="1" via=":Center_21_0" tl="Center" linkIndex="21" dir="r" state="o"/>
    <connection from="South_in" to="North_out" fromLane="1" toLane="1" via=":Center_22_0" tl="Center" linkIndex="22" dir="s" state="o"/>
    <connection from="South_in" to="West_out" fromLane="1" toLane="1" via=":Center_23_0" tl="Center" linkIndex="23" dir="l" state="o"/>
    <connection from="South_in" to="East_out" fromLane="2" toLane="2" via=":Center_24_0" tl="Center" linkIndex="24" dir="r" state="o"/>
    <connection from="South_in" to="North_out" fromLane="2" toLane="2" via=":Center_25_0" tl="Center" linkIndex="25" dir="s" state="o"/>
    <connection from="South_in" to="West_out" fromLane="2" toLane="2" via=":Center_26_0" tl="Center" linkIndex="26" dir="l" state="o"/>
    <connection from="South_out" to="South_in" fromLane="2" toLane="2" via=":South_0_0" dir="t" state="M"/>
    <connection from="West_in" to="South_out" fromLane="0" toLane="0" via=":Center_27_0" tl="Center" linkIndex="27" dir="r" state="o"/>
    <connection from="West_in" to="East_out" fromLane="0" toLane="0" via=":Center_28_0" tl="Center" linkIndex="28" dir="s" state="o"/>
    <connection from="West_in" to="North_out" fromLane="0" toLane="0" via=":Center_29_0" tl="Center" linkIndex="29" dir="l" state="o"/>
    <connection from="West_in" to="South_out" fromLane="1" toLane="1" via=":Center_30_0" tl="Center" linkIndex="30" dir="r" state="o"/>
    <connection from="West_in" to="East_out" fromLane="1" toLane="1" via=":Center_31_0" tl="Center" linkIndex="31" dir="s" state="o"/>
    <connection from="West_in" to="North_out" fromLane="1" toLane="1" via=":Center_32_0" tl="Center" linkIndex="32" dir="l" state="o"/>
    <connection from="West_in" to="South_out" fromLane="2" toLane="2" via=":Center_33_0" tl="Center" linkIndex="33" dir="r" state="o"/>
    <connection from="West_in" to="East_out" fromLane="2" toLane="2" via=":Center_34_0" tl="Center" linkIndex="34" dir="s" state="o"/>
    <connection from="West_in" to="North_out" fromLane="2" toLane="2" via=":Center_35_0" tl="Center" linkIndex="35" dir="l" state="o"/>
    <connection from="West_out" to="West_in" fromLane="2" toLane="2" via=":West_0_0" dir="t" state="M"/>

    <connection from=":Center_0" to="West_out" fromLane="0" toLane="0" dir="r" state="M"/>
    <connection from=":Center_1" to="South_out" fromLane="0" toLane="0" dir="s" state="M"/>
    <connection from=":Center_2" to="East_out" fromLane="0" toLane="0" via=":Center_36_0" dir="l" state="m"/>
    <connection from=":Center_36" to="East_out" fromLane="0" toLane="0" dir="l" state="M"/>
    <connection from=":Center_3" to="West_out" fromLane="0" toLane="1" via=":Center_37_0" dir="r" state="m"/>
    <connection from=":Center_37" to="West_out" fromLane="0" toLane="1" dir="r" state="M"/>
    <connection from=":Center_4" to="South_out" fromLane="0" toLane="1" dir="s" state="M"/>
    <connection from=":Center_5" to="East_out" fromLane="0" toLane="1" via=":Center_38_0" dir="l" state="m"/>
    <connection from=":Center_38" to="East_out" fromLane="0" toLane="1" dir="l" state="M"/>
    <connection from=":Center_6" to="West_out" fromLane="0" toLane="2" via=":Center_39_0" dir="r" state="m"/>
    <connection from=":Center_39" to="West_out" fromLane="0" toLane="2" dir="r" state="M"/>
    <connection from=":Center_7" to="South_out" fromLane="0" toLane="2" dir="s" state="M"/>
    <connection from=":Center_8" to="East_out" fromLane="0" toLane="2" via=":Center_40_0" dir="l" state="m"/>
    <connection from=":Center_40" to="East_out" fromLane="0" toLane="2" dir="l" state="M"/>
    <connection from=":Center_9" to="North_out" fromLane="0" toLane="0" dir="r" state="M"/>
    <connection from=":Center_10" to="West_out" fromLane="0" toLane="0" dir="s" state="M"/>
    <connection from=":Center_11" to="South_out" fromLane="0" toLane="0" via=":Center_41_0" dir="l" state="m"/>
    <connection from=":Center_41" to="South_out" fromLane="0" toLane="0" dir="l" state="M"/>
    <connection from=":Center_12" to="North_out" fromLane="0" toLane="1" via=":Center_42_0" dir="r" state="m"/>
    <connection from=":Center_42" to="North_out" fromLane="0" toLane="1" dir="r" state="M"/>
    <connection from=":Center_13" to="West_out" fromLane="0" toLane="1" dir="s" state="M"/>
    <connection from=":Center_14" to="South_out" fromLane="0" toLane="1" via=":Center_43_0" dir="l" state="m"/>
    <connection from=":Center_43" to="South_out" fromLane="0" toLane="1" dir="l" state="M"/>
    <connection from=":Center_15" to="North_out" fromLane="0" toLane="2" via=":Center_44_0" dir="r" state="m"/>
    <connection from=":Center_44" to="North_out" fromLane="0" toLane="2" dir="r" state="M"/>
    <connection from=":Center_16" to="West_out" fromLane="0" toLane="2" dir="s" state="M"/>
    <connection from=":Center_17" to="South_out" fromLane="0" toLane="2" via=":Center_45_0" dir="l" state="m"/>
    <connection from=":Center_45" to="South_out" fromLane="0" toLane="2" dir="l" state="M"/>
    <connection from=":Center_18" to="East_out" fromLane="0" toLane="0" dir="r" state="M"/>
    <connection from=":Center_19" to="North_out" fromLane="0" toLane="0" dir="s" state="M"/>
    <connection from=":Center_20" to="West_out" fromLane="0" toLane="0" via=":Center_46_0" dir="l" state="m"/>
    <connection from=":Center_46" to="West_out" fromLane="0" toLane="0" dir="l" state="M"/>
    <connection from=":Center_21" to="East_out" fromLane="0" toLane="1" via=":Center_47_0" dir="r" state="m"/>
    <connection from=":Center_47" to="East_out" fromLane="0" toLane="1" dir="r" state="M"/>
    <connection from=":Center_22" to="North_out" fromLane="0" toLane="1" dir="s" state="M"/>
    <connection from=":Center_23" to="West_out" fromLane="0" toLane="1" via=":Center_48_0" dir="l" state="m"/>
    <connection from=":Center_48" to="West_out" fromLane="0" toLane="1" dir="l" state="M"/>
    <connection from=":Center_24" to="East_out" fromLane="0" toLane="2" via=":Center_49_0" dir="r" state="m"/>
    <connection from=":Center_49" to="East_out" fromLane="0" toLane="2" dir="r" state="M"/>
    <connection from=":Center_25" to="North_out" fromLane="0" toLane="2" dir="s" state="M"/>
    <connection from=":Center_26" to="West_out" fromLane="0" toLane="2" via=":Center_50_0" dir="l" state="m"/>
    <connection from=":Center_50" to="West_out" fromLane="0" toLane="2" dir="l" state="M"/>
    <connection from=":Center_27" to="South_out" fromLane="0" toLane="0" dir="r" state="M"/>
    <connection from=":Center_28" to="East_out" fromLane="0" toLane="0" dir="s" state="M"/>
    <connection from=":Center_29" to="North_out" fromLane="0" toLane="0" via=":Center_51_0" dir="l" state="m"/>
    <connection from=":Center_51" to="North_out" fromLane="0" toLane="0" dir="l" state="M"/>
    <connection from=":Center_30" to="South_out" fromLane="0" toLane="1" via=":Center_52_0" dir="r" state="m"/>
    <connection from=":Center_52" to="South_out" fromLane="0" toLane="1" dir="r" state="M"/>
    <connection from=":Center_31" to="East_out" fromLane="0" toLane="1" dir="s" state="M"/>
    <connection from=":Center_32" to="North_out" fromLane="0" toLane="1" via=":Center_53_0" dir="l" state="m"/>
    <connection from=":Center_53" to="North_out" fromLane="0" toLane="1" dir="l" state="M"/>
    <connection from=":Center_33" to="South_out" fromLane="0" toLane="2" via=":Center_54_0" dir="r" state="m"/>
    <connection from=":Center_54" to="South_out" fromLane="0" toLane="2" dir="r" state="M"/>
    <connection from=":Center_34" to="East_out" fromLane="0" toLane="2" dir="s" state="M"/>
    <connection from=":Center_35" to="North_out" fromLane="0" toLane="2" via=":Center_55_0" dir="l" state="m"/>
    <connection from=":Center_55" to="North_out" fromLane="0" toLane="2" dir="l" state="M"/>
    <connection from=":East_0" to="East_in" fromLane="0" toLane="2" dir="t" state="M"/>
    <connection from=":North_0" to="North_in" fromLane="0" toLane="2" dir="t" state="M"/>
    <connection from=":South_0" to="South_in" fromLane="0" toLane="2" dir="t" state="M"/>
    <connection from=":West_0" to="West_in" fromLane="0" toLane="2" dir="t" state="M"/>

</net>
