<routes>
        <vType id="CAV_L" accel="30" decel="30" emergencyDecel="30" tau="0.1" length="4" minGap="1" delta="4" stepping="0.1" carFollowModel="IDM" guiShape="passenger" lcStrategic="0" lcSpeedGain ="0" lcKeepRight="0" color="0,0,255"/>
        <vType id="CAV_F" accel="30" decel="30" emergencyDecel="30" tau="0.1" length="4" minGap="1" delta="4" stepping="0.1" carFollowModel="IDM" guiShape="passenger" lcStrategic="0" lcSpeedGain ="0" lcKeepRight="0" color="0,255,0"/>
        <vType id="CAV_R" accel="30" decel="30" emergencyDecel="30" tau="0.1" length="4" minGap="1" delta="4" stepping="0.1" carFollowModel="IDM" guiShape="passenger" lcStrategic="0" lcSpeedGain ="0" lcKeepRight="0" color="255,0,0"/>
        <route id="West_in_East_out" edges="West_in East_out"/>
        <route id="West_in_North_out" edges="West_in North_out"/>
        <route id="West_in_South_out" edges="West_in South_out"/>
        <route id="East_in_West_out" edges="East_in West_out"/>
        <route id="East_in_North_out" edges="East_in North_out"/>
        <route id="East_in_South_out" edges="East_in South_out"/>
        <route id="South_in_East_out" edges="South_in East_out"/>
        <route id="South_in_North_out" edges="South_in North_out"/>
        <route id="South_in_West_out" edges="South_in West_out"/>
        <route id="North_in_East_out" edges="North_in East_out"/>
        <route id="North_in_West_out" edges="North_in West_out"/>
        <route id="North_in_South_out" edges="North_in South_out"/>
</routes>
