<?xml version="1.0" encoding="UTF-8"?>
<connections>
   <connection from="West_in" to="North_out" fromLane="2" toLane="2"/>
   <connection from="West_in" to="East_out" fromLane="1" toLane="1"/>
   <connection from="West_in" to="South_out" fromLane="0" toLane="0"/>
   <connection from="South_in" to="West_out" fromLane="2" toLane="2"/>
   <connection from="South_in" to="North_out" fromLane="1" toLane="1"/>
   <connection from="South_in" to="East_out" fromLane="0" toLane="0"/>
   <connection from="East_in" to="South_out" fromLane="2" toLane="2"/>
   <connection from="East_in" to="West_out" fromLane="1" toLane="1"/>
   <connection from="East_in" to="North_out" fromLane="0" toLane="0"/>
   <connection from="North_in" to="East_out" fromLane="2" toLane="2"/>
   <connection from="North_in" to="South_out" fromLane="1" toLane="1"/>
   <connection from="North_in" to="West_out" fromLane="0" toLane="0"/>
</connections>
