<?xml version="1.0" encoding="UTF-8"?>

<!-- generated on 01/24/22 08:40:49 by SUMO netconvert Version 0.32.0
<?xml version="1.0" encoding="UTF-8"?>

<configuration xmlns:xsi="http://www.w3.org/2001/XMLSchema-instance" xsi:noNamespaceSchemaLocation="http://sumo.dlr.de/xsd/netconvertConfiguration.xsd">

    <input>
        <node-files value="cross.nod.xml"/>
        <edge-files value="cross.edg.xml"/>
        <connection-files value="cross.con.xml"/>
    </input>

    <output>
        <output-file value="cross.net.xml"/>
    </output>

</configuration>
-->

<net version="0.27" xmlns:xsi="http://www.w3.org/2001/XMLSchema-instance" xsi:noNamespaceSchemaLocation="http://sumo.dlr.de/xsd/net_file.xsd">

    <location netOffset="400.00,400.00" convBoundary="0.00,0.00,800.00,800.00" origBoundary="-400.00,-400.00,400.00,400.00" projParameter="!"/>

    <edge id=":Center_0" function="internal">
        <lane id=":Center_0_0" index="0" speed="20.00" length="5.00" shape="391.75,411.35 391.56,409.99 390.98,409.02 390.01,408.44 388.65,408.25"/>
    </edge>
    <edge id=":Center_1" function="internal">
        <lane id=":Center_1_0" index="0" speed="20.00" length="22.70" shape="395.05,411.35 395.05,388.65"/>
    </edge>
    <edge id=":Center_2" function="internal">
        <lane id=":Center_2_0" index="0" speed="20.00" length="12.52" shape="398.35,411.35 399.16,405.66 401.60,401.60 403.35,400.55"/>
    </edge>
    <edge id=":Center_12" function="internal">
        <lane id=":Center_12_0" index="0" speed="20.00" length="8.44" shape="403.35,400.55 405.66,399.16 411.35,398.35"/>
    </edge>
    <edge id=":Center_3" function="internal">
        <lane id=":Center_3_0" index="0" speed="20.00" length="5.00" shape="411.35,408.25 409.99,408.44 409.02,409.02 408.44,409.99 408.25,411.35"/>
    </edge>
    <edge id=":Center_4" function="internal">
        <lane id=":Center_4_0" index="0" speed="20.00" length="22.70" shape="411.35,404.95 388.65,404.95"/>
    </edge>
    <edge id=":Center_5" function="internal">
        <lane id=":Center_5_0" index="0" speed="20.00" length="12.52" shape="411.35,401.65 405.66,400.84 401.60,398.40 400.55,396.65"/>
    </edge>
    <edge id=":Center_13" function="internal">
        <lane id=":Center_13_0" index="0" speed="20.00" length="8.44" shape="400.55,396.65 399.16,394.34 398.35,388.65"/>
    </edge>
    <edge id=":Center_6" function="internal">
        <lane id=":Center_6_0" index="0" speed="20.00" length="5.00" shape="408.25,388.65 408.44,390.01 409.02,390.98 409.99,391.56 411.35,391.75"/>
    </edge>
    <edge id=":Center_7" function="internal">
        <lane id=":Center_7_0" index="0" speed="20.00" length="22.70" shape="404.95,388.65 404.95,411.35"/>
    </edge>
    <edge id=":Center_8" function="internal">
        <lane id=":Center_8_0" index="0" speed="20.00" length="12.52" shape="401.65,388.65 400.84,394.34 398.40,398.40 396.65,399.45"/>
    </edge>
    <edge id=":Center_14" function="internal">
        <lane id=":Center_14_0" index="0" speed="20.00" length="8.44" shape="396.65,399.45 394.34,400.84 388.65,401.65"/>
    </edge>
    <edge id=":Center_9" function="internal">
        <lane id=":Center_9_0" index="0" speed="20.00" length="5.00" shape="388.65,391.75 390.01,391.56 390.98,390.98 391.56,390.01 391.75,388.65"/>
    </edge>
    <edge id=":Center_10" function="internal">
        <lane id=":Center_10_0" index="0" speed="20.00" length="22.70" shape="388.65,395.05 411.35,395.05"/>
    </edge>
    <edge id=":Center_11" function="internal">
        <lane id=":Center_11_0" index="0" speed="20.00" length="12.52" shape="388.65,398.35 394.34,399.16 398.40,401.60 399.45,403.35"/>
    </edge>
    <edge id=":Center_15" function="internal">
        <lane id=":Center_15_0" index="0" speed="20.00" length="8.44" shape="399.45,403.35 400.84,405.66 401.65,411.35"/>
    </edge>
    <edge id=":East_0" function="internal">
        <lane id=":East_0_0" index="0" speed="20.00" length="4.82" shape="800.00,398.35 801.24,399.17 801.65,400.00 801.24,400.82 800.00,401.65"/>
    </edge>
    <edge id=":North_0" function="internal">
        <lane id=":North_0_0" index="0" speed="20.00" length="4.82" shape="401.65,800.00 400.83,801.24 400.00,801.65 399.18,801.24 398.35,800.00"/>
    </edge>
    <edge id=":South_0" function="internal">
        <lane id=":South_0_0" index="0" speed="20.00" length="4.82" shape="398.35,-0.00 399.17,-1.24 400.00,-1.65 400.82,-1.24 401.65,-0.00"/>
    </edge>
    <edge id=":West_0" function="internal">
        <lane id=":West_0_0" index="0" speed="20.00" length="4.82" shape="-0.00,401.65 -1.24,400.83 -1.65,400.00 -1.24,399.18 -0.00,398.35"/>
    </edge>

    <edge id="East_in" from="East" to="Center" priority="78">
        <lane id="East_in_0" index="0" speed="20.00" length="388.65" shape="800.00,408.25 411.35,408.25"/>
        <lane id="East_in_1" index="1" speed="20.00" length="388.65" shape="800.00,404.95 411.35,404.95"/>
        <lane id="East_in_2" index="2" speed="20.00" length="388.65" shape="800.00,401.65 411.35,401.65"/>
    </edge>
    <edge id="East_out" from="Center" to="East" priority="78">
        <lane id="East_out_0" index="0" speed="20.00" length="388.65" shape="411.35,391.75 800.00,391.75"/>
        <lane id="East_out_1" index="1" speed="20.00" length="388.65" shape="411.35,395.05 800.00,395.05"/>
        <lane id="East_out_2" index="2" speed="20.00" length="388.65" shape="411.35,398.35 800.00,398.35"/>
    </edge>
    <edge id="North_in" from="North" to="Center" priority="78">
        <lane id="North_in_0" index="0" speed="20.00" length="388.65" shape="391.75,800.00 391.75,411.35"/>
        <lane id="North_in_1" index="1" speed="20.00" length="388.65" shape="395.05,800.00 395.05,411.35"/>
        <lane id="North_in_2" index="2" speed="20.00" length="388.65" shape="398.35,800.00 398.35,411.35"/>
    </edge>
    <edge id="North_out" from="Center" to="North" priority="78">
        <lane id="North_out_0" index="0" speed="20.00" length="388.65" shape="408.25,411.35 408.25,800.00"/>
        <lane id="North_out_1" index="1" speed="20.00" length="388.65" shape="404.95,411.35 404.95,800.00"/>
        <lane id="North_out_2" index="2" speed="20.00" length="388.65" shape="401.65,411.35 401.65,800.00"/>
    </edge>
    <edge id="South_in" from="South" to="Center" priority="78">
        <lane id="South_in_0" index="0" speed="20.00" length="388.65" shape="408.25,-0.00 408.25,388.65"/>
        <lane id="South_in_1" index="1" speed="20.00" length="388.65" shape="404.95,-0.00 404.95,388.65"/>
        <lane id="South_in_2" index="2" speed="20.00" length="388.65" shape="401.65,-0.00 401.65,388.65"/>
    </edge>
    <edge id="South_out" from="Center" to="South" priority="78">
        <lane id="South_out_0" index="0" speed="20.00" length="388.65" shape="391.75,388.65 391.75,-0.00"/>
        <lane id="South_out_1" index="1" speed="20.00" length="388.65" shape="395.05,388.65 395.05,-0.00"/>
        <lane id="South_out_2" index="2" speed="20.00" length="388.65" shape="398.35,388.65 398.35,-0.00"/>
    </edge>
    <edge id="West_in" from="West" to="Center" priority="78">
        <lane id="West_in_0" index="0" speed="20.00" length="388.65" shape="-0.00,391.75 388.65,391.75"/>
        <lane id="West_in_1" index="1" speed="20.00" length="388.65" shape="-0.00,395.05 388.65,395.05"/>
        <lane id="West_in_2" index="2" speed="20.00" length="388.65" shape="-0.00,398.35 388.65,398.35"/>
    </edge>
    <edge id="West_out" from="Center" to="West" priority="78">
        <lane id="West_out_0" index="0" speed="20.00" length="388.65" shape="388.65,408.25 -0.00,408.25"/>
        <lane id="West_out_1" index="1" speed="20.00" length="388.65" shape="388.65,404.95 -0.00,404.95"/>
        <lane id="West_out_2" index="2" speed="20.00" length="388.65" shape="388.65,401.65 -0.00,401.65"/>
    </edge>

    <tlLogic id="Center" type="static" programID="0" offset="0">
        <phase duration="29" state="GGgGrrGGgGrr"/>
        <phase duration="5" state="yygyrryygyrr"/>
        <phase duration="6" state="rrGrrrrrGrrr"/>
        <phase duration="5" state="rryrrrrryrrr"/>
        <phase duration="29" state="GrrGGgGrrGGg"/>
        <phase duration="5" state="yrryygyrryyg"/>
        <phase duration="6" state="rrrrrGrrrrrG"/>
        <phase duration="5" state="rrrrryrrrrry"/>
    </tlLogic>

    <junction id="Center" type="traffic_light" x="400.00" y="400.00" incLanes="North_in_0 North_in_1 North_in_2 East_in_0 East_in_1 East_in_2 South_in_0 South_in_1 South_in_2 West_in_0 West_in_1 West_in_2" intLanes=":Center_0_0 :Center_1_0 :Center_12_0 :Center_3_0 :Center_4_0 :Center_13_0 :Center_6_0 :Center_7_0 :Center_14_0 :Center_9_0 :Center_10_0 :Center_15_0" shape="390.15,411.35 409.85,411.35 411.35,409.85 411.35,390.15 409.85,388.65 390.15,388.65 388.65,390.15 388.65,409.85">
        <request index="0" response="000000000000" foes="000000000000" cont="0"/>
        <request index="1" response="000000000000" foes="110100010000" cont="0"/>
        <request index="2" response="000010000000" foes="100010110000" cont="1"/>
        <request index="3" response="000000000000" foes="000000000000" cont="0"/>
        <request index="4" response="000010000110" foes="100010000110" cont="0"/>
        <request index="5" response="010110000100" foes="010110000100" cont="1"/>
        <request index="6" response="000000000000" foes="000000000000" cont="0"/>
        <request index="7" response="000000000000" foes="010000110100" cont="0"/>
        <request index="8" response="000000000010" foes="110000100010" cont="1"/>
        <request index="9" response="000000000000" foes="000000000000" cont="0"/>
        <request index="10" response="000110000010" foes="000110100010" cont="0"/>
        <request index="11" response="000100010110" foes="000100010110" cont="1"/>
    </junction>
    <junction id="East" type="priority" x="800.00" y="400.00" incLanes="East_out_0 East_out_1 East_out_2" intLanes=":East_0_0" shape="800.00,400.05 800.00,390.15 800.00,399.95">
        <request index="0" response="0" foes="0" cont="0"/>
    </junction>
    <junction id="North" type="priority" x="400.00" y="800.00" incLanes="North_out_0 North_out_1 North_out_2" intLanes=":North_0_0" shape="399.95,800.00 409.85,800.00 400.05,800.00">
        <request index="0" response="0" foes="0" cont="0"/>
    </junction>
    <junction id="South" type="priority" x="400.00" y="0.00" incLanes="South_out_0 South_out_1 South_out_2" intLanes=":South_0_0" shape="400.05,-0.00 390.15,-0.00 399.95,-0.00">
        <request index="0" response="0" foes="0" cont="0"/>
    </junction>
    <junction id="West" type="priority" x="0.00" y="400.00" incLanes="West_out_0 West_out_1 West_out_2" intLanes=":West_0_0" shape="-0.00,399.95 -0.00,409.85 -0.00,400.05">
        <request index="0" response="0" foes="0" cont="0"/>
    </junction>

    <junction id=":Center_12_0" type="internal" x="403.35" y="400.55" incLanes=":Center_2_0 South_in_1" intLanes=":Center_4_0 :Center_5_0 :Center_7_0 :Center_11_0"/>
    <junction id=":Center_13_0" type="internal" x="400.55" y="396.65" incLanes=":Center_5_0 West_in_1" intLanes=":Center_2_0 :Center_7_0 :Center_8_0 :Center_10_0"/>
    <junction id=":Center_14_0" type="internal" x="396.65" y="399.45" incLanes=":Center_8_0 North_in_1" intLanes=":Center_1_0 :Center_5_0 :Center_10_0 :Center_11_0"/>
    <junction id=":Center_15_0" type="internal" x="399.45" y="403.35" incLanes=":Center_11_0 East_in_1" intLanes=":Center_1_0 :Center_2_0 :Center_4_0 :Center_8_0"/>

    <connection from="East_in" to="North_out" fromLane="0" toLane="0" via=":Center_3_0" tl="Center" linkIndex="3" dir="r" state="o"/>
    <connection from="East_in" to="West_out" fromLane="1" toLane="1" via=":Center_4_0" tl="Center" linkIndex="4" dir="s" state="o"/>
    <connection from="East_in" to="South_out" fromLane="2" toLane="2" via=":Center_5_0" tl="Center" linkIndex="5" dir="l" state="o"/>
    <connection from="East_out" to="East_in" fromLane="2" toLane="2" via=":East_0_0" dir="t" state="M"/>
    <connection from="North_in" to="West_out" fromLane="0" toLane="0" via=":Center_0_0" tl="Center" linkIndex="0" dir="r" state="o"/>
    <connection from="North_in" to="South_out" fromLane="1" toLane="1" via=":Center_1_0" tl="Center" linkIndex="1" dir="s" state="o"/>
    <connection from="North_in" to="East_out" fromLane="2" toLane="2" via=":Center_2_0" tl="Center" linkIndex="2" dir="l" state="o"/>
    <connection from="North_out" to="North_in" fromLane="2" toLane="2" via=":North_0_0" dir="t" state="M"/>
    <connection from="South_in" to="East_out" fromLane="0" toLane="0" via=":Center_6_0" tl="Center" linkIndex="6" dir="r" state="o"/>
    <connection from="South_in" to="North_out" fromLane="1" toLane="1" via=":Center_7_0" tl="Center" linkIndex="7" dir="s" state="o"/>
    <connection from="South_in" to="West_out" fromLane="2" toLane="2" via=":Center_8_0" tl="Center" linkIndex="8" dir="l" state="o"/>
    <connection from="South_out" to="South_in" fromLane="2" toLane="2" via=":South_0_0" dir="t" state="M"/>
    <connection from="West_in" to="South_out" fromLane="0" toLane="0" via=":Center_9_0" tl="Center" linkIndex="9" dir="r" state="o"/>
    <connection from="West_in" to="East_out" fromLane="1" toLane="1" via=":Center_10_0" tl="Center" linkIndex="10" dir="s" state="o"/>
    <connection from="West_in" to="North_out" fromLane="2" toLane="2" via=":Center_11_0" tl="Center" linkIndex="11" dir="l" state="o"/>
    <connection from="West_out" to="West_in" fromLane="2" toLane="2" via=":West_0_0" dir="t" state="M"/>

    <connection from=":Center_0" to="West_out" fromLane="0" toLane="0" dir="r" state="M"/>
    <connection from=":Center_1" to="South_out" fromLane="0" toLane="1" dir="s" state="M"/>
    <connection from=":Center_2" to="East_out" fromLane="0" toLane="2" via=":Center_12_0" dir="l" state="m"/>
    <connection from=":Center_12" to="East_out" fromLane="0" toLane="2" dir="l" state="M"/>
    <connection from=":Center_3" to="North_out" fromLane="0" toLane="0" dir="r" state="M"/>
    <connection from=":Center_4" to="West_out" fromLane="0" toLane="1" dir="s" state="M"/>
    <connection from=":Center_5" to="South_out" fromLane="0" toLane="2" via=":Center_13_0" dir="l" state="m"/>
    <connection from=":Center_13" to="South_out" fromLane="0" toLane="2" dir="l" state="M"/>
    <connection from=":Center_6" to="East_out" fromLane="0" toLane="0" dir="r" state="M"/>
    <connection from=":Center_7" to="North_out" fromLane="0" toLane="1" dir="s" state="M"/>
    <connection from=":Center_8" to="West_out" fromLane="0" toLane="2" via=":Center_14_0" dir="l" state="m"/>
    <connection from=":Center_14" to="West_out" fromLane="0" toLane="2" dir="l" state="M"/>
    <connection from=":Center_9" to="South_out" fromLane="0" toLane="0" dir="r" state="M"/>
    <connection from=":Center_10" to="East_out" fromLane="0" toLane="1" dir="s" state="M"/>
    <connection from=":Center_11" to="North_out" fromLane="0" toLane="2" via=":Center_15_0" dir="l" state="m"/>
    <connection from=":Center_15" to="North_out" fromLane="0" toLane="2" dir="l" state="M"/>
    <connection from=":East_0" to="East_in" fromLane="0" toLane="2" dir="t" state="M"/>
    <connection from=":North_0" to="North_in" fromLane="0" toLane="2" dir="t" state="M"/>
    <connection from=":South_0" to="South_in" fromLane="0" toLane="2" dir="t" state="M"/>
    <connection from=":West_0" to="West_in" fromLane="0" toLane="2" dir="t" state="M"/>

</net>
