<?xml version="1.0" encoding="UTF-8"?>
<edges>
   <edge id="West_in" from="West" to="Center" priority="78" numLanes="3" speed="20"/>
   <edge id="West_out" from="Center" to="West" priority="78" numLanes="3" speed="20"/>
   <edge id="East_in" from="East" to="Center" priority="78" numLanes="3" speed="20"/>
   <edge id="East_out" from="Center" to="East" priority="78" numLanes="3" speed="20"/>
   <edge id="South_in" from="South" to="Center" priority="78" numLanes="3" speed="20"/>
   <edge id="South_out" from="Center" to="South" priority="78" numLanes="3" speed="20"/>
   <edge id="North_in" from="North" to="Center" priority="78" numLanes="3" speed="20"/>
   <edge id="North_out" from="Center" to="North" priority="78" numLanes="3" speed="20"/>
</edges>
