<additional>
   <tlLogic id="Center" programID="my_program" offset="0" type="static">
      <phase duration="20" state="GGrGrrGGrGrr"/>
      <phase duration="3" state="GYrGrrGYrGrr"/>
      <phase duration="20" state="GrGGrrGrGGrr"/>
      <phase duration="3" state="GrYGrrGrYGrr"/>
      <phase duration="20" state="GrrGGrGrrGGr"/>
      <phase duration="3" state="GrrGYrGrrGYr"/>
      <phase duration="20" state="GrrGrGGrrGrG"/>
      <phase duration="3" state="GrrGrYGrrGrY"/>
   </tlLogic>
</additional>