<routes>
        <vType id="HDV" accel="3" decel="6" emergencyDecel="6" tau="1" length="4" minGap="1" delta="4" stepping="0.1" carFollowModel="IDM" guiShape="passenger" lcStrategic="0" lcSpeedGain ="0" lcKeepRight="0" color="255,255,0"/>
        <vType id="CAV" accel="3" decel="6" emergencyDecel="6" tau="1" length="4" minGap="1" delta="4" stepping="0.1" carFollowModel="IDM" guiShape="passenger" lcStrategic="0" lcSpeedGain ="0" lcKeepRight="0" color="255,0,0"/>
        <vType id="CAV_degrade" accel="3" decel="6" emergencyDecel="6" tau="1" length="4" minGap="1" delta="4" stepping="0.1" carFollowModel="IDM" guiShape="passenger" lcStrategic="0" lcSpeedGain ="0" lcKeepRight="0" color="144,238,144"/>
        <route id="West_in_East_out" edges="West_in East_out"/>
        <route id="West_in_left_North_out" edges="West_in North_out"/>
        <route id="West_in_South_out" edges="West_in South_out"/>
        <route id="East_in_West_out" edges="East_in West_out"/>
        <route id="East_in_North_out" edges="East_in North_out"/>
        <route id="East_in_left_South_out" edges="East_in South_out"/>
        <route id="South_in_East_out" edges="South_in East_out"/>
        <route id="South_in_North_out" edges="South_in North_out"/>
        <route id="South_in_left_West_out" edges="South_in West_out"/>
        <route id="North_in_left_East_out" edges="North_in East_out"/>
        <route id="North_in_West_out" edges="North_in West_out"/>
        <route id="North_in_South_out" edges="North_in South_out"/>
    <vehicle id="W_R_1" type="CAV" route="West_in_East_out" departLane="best" depart="0"/>
    <vehicle id="E_R_1" type="CAV" route="East_in_West_out" departLane="best" depart="0"/>
    <vehicle id="S_R_1" type="CAV" route="South_in_North_out" departLane="best" depart="0"/>
    <vehicle id="N_R_1" type="CAV" route="North_in_South_out" departLane="best" depart="0"/>
    <vehicle id="W_L_1" type="CAV" route="West_in_left_North_out" departLane="best" depart="0"/>
    <vehicle id="E_L_1" type="CAV" route="East_in_left_South_out" departLane="best" depart="0"/>
    <vehicle id="S_L_1" type="CAV" route="South_in_left_West_out" departLane="best" depart="0"/>
    <vehicle id="N_L_1" type="CAV" route="North_in_left_East_out" departLane="best" depart="0"/>
    <vehicle id="E_L_2" type="CAV" route="East_in_left_South_out" departLane="best" depart="5.1"/>
    <vehicle id="E_R_2" type="CAV" route="East_in_West_out" departLane="best" depart="5.1"/>
    <vehicle id="W_L_2" type="CAV" route="West_in_left_North_out" departLane="best" depart="5.1"/>
    <vehicle id="W_R_2" type="CAV" route="West_in_East_out" departLane="best" depart="5.1"/>
    <vehicle id="S_L_2" type="HDV" route="South_in_left_West_out" departLane="best" depart="5.1"/>
    <vehicle id="S_R_2" type="CAV" route="South_in_North_out" departLane="best" depart="5.1"/>
    <vehicle id="N_L_2" type="CAV" route="North_in_left_East_out" departLane="best" depart="5.1"/>
    <vehicle id="N_R_2" type="CAV" route="North_in_South_out" departLane="best" depart="5.1"/>
    <vehicle id="E_L_3" type="CAV" route="East_in_left_South_out" departLane="best" depart="10.2"/>
    <vehicle id="E_R_3" type="CAV" route="East_in_West_out" departLane="best" depart="10.2"/>
    <vehicle id="W_L_3" type="HDV" route="West_in_left_North_out" departLane="best" depart="10.2"/>
    <vehicle id="W_R_3" type="CAV" route="West_in_East_out" departLane="best" depart="10.2"/>
    <vehicle id="S_L_3" type="CAV" route="South_in_left_West_out" departLane="best" depart="10.2"/>
    <vehicle id="S_R_3" type="CAV" route="South_in_North_out" departLane="best" depart="10.2"/>
    <vehicle id="N_L_3" type="CAV" route="North_in_left_East_out" departLane="best" depart="10.2"/>
    <vehicle id="N_R_3" type="CAV" route="North_in_South_out" departLane="best" depart="10.2"/>
    <vehicle id="E_L_4" type="CAV" route="East_in_left_South_out" departLane="best" depart="15.3"/>
    <vehicle id="E_R_4" type="CAV" route="East_in_West_out" departLane="best" depart="15.3"/>
    <vehicle id="W_L_4" type="CAV" route="West_in_left_North_out" departLane="best" depart="15.3"/>
    <vehicle id="W_R_4" type="CAV" route="West_in_East_out" departLane="best" depart="15.3"/>
    <vehicle id="S_L_4" type="HDV" route="South_in_left_West_out" departLane="best" depart="15.3"/>
    <vehicle id="S_R_4" type="CAV" route="South_in_North_out" departLane="best" depart="15.3"/>
    <vehicle id="N_L_4" type="CAV" route="North_in_left_East_out" departLane="best" depart="15.3"/>
    <vehicle id="N_R_4" type="CAV" route="North_in_South_out" departLane="best" depart="15.3"/>
    <vehicle id="E_L_5" type="CAV" route="East_in_left_South_out" departLane="best" depart="20.4"/>
    <vehicle id="E_R_5" type="CAV" route="East_in_West_out" departLane="best" depart="20.4"/>
    <vehicle id="W_L_5" type="CAV" route="West_in_left_North_out" departLane="best" depart="20.4"/>
    <vehicle id="W_R_5" type="CAV" route="West_in_East_out" departLane="best" depart="20.4"/>
    <vehicle id="S_L_5" type="CAV" route="South_in_left_West_out" departLane="best" depart="20.4"/>
    <vehicle id="S_R_5" type="CAV" route="South_in_North_out" departLane="best" depart="20.4"/>
    <vehicle id="N_L_5" type="CAV" route="North_in_left_East_out" departLane="best" depart="20.4"/>
    <vehicle id="N_R_5" type="CAV" route="North_in_South_out" departLane="best" depart="20.4"/>
    <vehicle id="E_L_6" type="CAV" route="East_in_left_South_out" departLane="best" depart="25.5"/>
    <vehicle id="E_R_6" type="CAV" route="East_in_West_out" departLane="best" depart="25.5"/>
    <vehicle id="W_L_6" type="CAV" route="West_in_left_North_out" departLane="best" depart="25.5"/>
    <vehicle id="W_R_6" type="CAV" route="West_in_East_out" departLane="best" depart="25.5"/>
    <vehicle id="S_L_6" type="CAV" route="South_in_left_West_out" departLane="best" depart="25.5"/>
    <vehicle id="S_R_6" type="CAV" route="South_in_North_out" departLane="best" depart="25.5"/>
    <vehicle id="N_L_6" type="CAV" route="North_in_left_East_out" departLane="best" depart="25.5"/>
    <vehicle id="N_R_6" type="CAV" route="North_in_South_out" departLane="best" depart="25.5"/>
    <vehicle id="E_L_7" type="HDV" route="East_in_left_South_out" departLane="best" depart="30.6"/>
    <vehicle id="E_R_7" type="CAV" route="East_in_West_out" departLane="best" depart="30.6"/>
    <vehicle id="W_L_7" type="CAV" route="West_in_left_North_out" departLane="best" depart="30.6"/>
    <vehicle id="W_R_7" type="CAV" route="West_in_East_out" departLane="best" depart="30.6"/>
    <vehicle id="S_L_7" type="CAV" route="South_in_left_West_out" departLane="best" depart="30.6"/>
    <vehicle id="S_R_7" type="CAV" route="South_in_North_out" departLane="best" depart="30.6"/>
    <vehicle id="N_L_7" type="CAV" route="North_in_left_East_out" departLane="best" depart="30.6"/>
    <vehicle id="N_R_7" type="CAV" route="North_in_South_out" departLane="best" depart="30.6"/>
    <vehicle id="E_L_8" type="CAV" route="East_in_left_South_out" departLane="best" depart="35.7"/>
    <vehicle id="E_R_8" type="CAV" route="East_in_West_out" departLane="best" depart="35.7"/>
    <vehicle id="W_L_8" type="CAV" route="West_in_left_North_out" departLane="best" depart="35.7"/>
    <vehicle id="W_R_8" type="CAV" route="West_in_East_out" departLane="best" depart="35.7"/>
    <vehicle id="S_L_8" type="CAV" route="South_in_left_West_out" departLane="best" depart="35.7"/>
    <vehicle id="S_R_8" type="CAV" route="South_in_North_out" departLane="best" depart="35.7"/>
    <vehicle id="N_L_8" type="CAV" route="North_in_left_East_out" departLane="best" depart="35.7"/>
    <vehicle id="N_R_8" type="CAV" route="North_in_South_out" departLane="best" depart="35.7"/>
    <vehicle id="E_L_9" type="CAV" route="East_in_left_South_out" departLane="best" depart="40.8"/>
    <vehicle id="E_R_9" type="CAV" route="East_in_West_out" departLane="best" depart="40.8"/>
    <vehicle id="W_L_9" type="CAV" route="West_in_left_North_out" departLane="best" depart="40.8"/>
    <vehicle id="W_R_9" type="CAV" route="West_in_East_out" departLane="best" depart="40.8"/>
    <vehicle id="S_L_9" type="CAV" route="South_in_left_West_out" departLane="best" depart="40.8"/>
    <vehicle id="S_R_9" type="CAV" route="South_in_North_out" departLane="best" depart="40.8"/>
    <vehicle id="N_L_9" type="CAV" route="North_in_left_East_out" departLane="best" depart="40.8"/>
    <vehicle id="N_R_9" type="CAV" route="North_in_South_out" departLane="best" depart="40.8"/>
    <vehicle id="E_L_10" type="CAV" route="East_in_left_South_out" departLane="best" depart="45.9"/>
    <vehicle id="E_R_10" type="CAV" route="East_in_West_out" departLane="best" depart="45.9"/>
    <vehicle id="W_L_10" type="CAV" route="West_in_left_North_out" departLane="best" depart="45.9"/>
    <vehicle id="W_R_10" type="CAV" route="West_in_East_out" departLane="best" depart="45.9"/>
    <vehicle id="S_L_10" type="HDV" route="South_in_left_West_out" departLane="best" depart="45.9"/>
    <vehicle id="S_R_10" type="CAV" route="South_in_North_out" departLane="best" depart="45.9"/>
    <vehicle id="N_L_10" type="CAV" route="North_in_left_East_out" departLane="best" depart="45.9"/>
    <vehicle id="N_R_10" type="HDV" route="North_in_South_out" departLane="best" depart="45.9"/>
    <vehicle id="E_L_11" type="CAV" route="East_in_left_South_out" departLane="best" depart="51"/>
    <vehicle id="E_R_11" type="CAV" route="East_in_West_out" departLane="best" depart="51"/>
    <vehicle id="W_L_11" type="HDV" route="West_in_left_North_out" departLane="best" depart="51"/>
    <vehicle id="W_R_11" type="CAV" route="West_in_East_out" departLane="best" depart="51"/>
    <vehicle id="S_L_11" type="CAV" route="South_in_left_West_out" departLane="best" depart="51"/>
    <vehicle id="S_R_11" type="HDV" route="South_in_North_out" departLane="best" depart="51"/>
    <vehicle id="N_L_11" type="CAV" route="North_in_left_East_out" departLane="best" depart="51"/>
    <vehicle id="N_R_11" type="CAV" route="North_in_South_out" departLane="best" depart="51"/>
    <vehicle id="E_L_12" type="CAV" route="East_in_left_South_out" departLane="best" depart="56.1"/>
    <vehicle id="E_R_12" type="CAV" route="East_in_West_out" departLane="best" depart="56.1"/>
    <vehicle id="W_L_12" type="CAV" route="West_in_left_North_out" departLane="best" depart="56.1"/>
    <vehicle id="W_R_12" type="CAV" route="West_in_East_out" departLane="best" depart="56.1"/>
    <vehicle id="S_L_12" type="CAV" route="South_in_left_West_out" departLane="best" depart="56.1"/>
    <vehicle id="S_R_12" type="CAV" route="South_in_North_out" departLane="best" depart="56.1"/>
    <vehicle id="N_L_12" type="CAV" route="North_in_left_East_out" departLane="best" depart="56.1"/>
    <vehicle id="N_R_12" type="CAV" route="North_in_South_out" departLane="best" depart="56.1"/>
    <vehicle id="E_L_13" type="HDV" route="East_in_left_South_out" departLane="best" depart="61.2"/>
    <vehicle id="E_R_13" type="CAV" route="East_in_West_out" departLane="best" depart="61.2"/>
    <vehicle id="W_L_13" type="CAV" route="West_in_left_North_out" departLane="best" depart="61.2"/>
    <vehicle id="W_R_13" type="CAV" route="West_in_East_out" departLane="best" depart="61.2"/>
    <vehicle id="S_L_13" type="CAV" route="South_in_left_West_out" departLane="best" depart="61.2"/>
    <vehicle id="S_R_13" type="CAV" route="South_in_North_out" departLane="best" depart="61.2"/>
    <vehicle id="N_L_13" type="HDV" route="North_in_left_East_out" departLane="best" depart="61.2"/>
    <vehicle id="N_R_13" type="CAV" route="North_in_South_out" departLane="best" depart="61.2"/>
    <vehicle id="E_L_14" type="HDV" route="East_in_left_South_out" departLane="best" depart="66.3"/>
    <vehicle id="E_R_14" type="CAV" route="East_in_West_out" departLane="best" depart="66.3"/>
    <vehicle id="W_L_14" type="CAV" route="West_in_left_North_out" departLane="best" depart="66.3"/>
    <vehicle id="W_R_14" type="HDV" route="West_in_East_out" departLane="best" depart="66.3"/>
    <vehicle id="S_L_14" type="CAV" route="South_in_left_West_out" departLane="best" depart="66.3"/>
    <vehicle id="S_R_14" type="HDV" route="South_in_North_out" departLane="best" depart="66.3"/>
    <vehicle id="N_L_14" type="CAV" route="North_in_left_East_out" departLane="best" depart="66.3"/>
    <vehicle id="N_R_14" type="CAV" route="North_in_South_out" departLane="best" depart="66.3"/>
    <vehicle id="E_L_15" type="CAV" route="East_in_left_South_out" departLane="best" depart="71.4"/>
    <vehicle id="E_R_15" type="HDV" route="East_in_West_out" departLane="best" depart="71.4"/>
    <vehicle id="W_L_15" type="CAV" route="West_in_left_North_out" departLane="best" depart="71.4"/>
    <vehicle id="W_R_15" type="CAV" route="West_in_East_out" departLane="best" depart="71.4"/>
    <vehicle id="S_L_15" type="CAV" route="South_in_left_West_out" departLane="best" depart="71.4"/>
    <vehicle id="S_R_15" type="CAV" route="South_in_North_out" departLane="best" depart="71.4"/>
    <vehicle id="N_L_15" type="CAV" route="North_in_left_East_out" departLane="best" depart="71.4"/>
    <vehicle id="N_R_15" type="CAV" route="North_in_South_out" departLane="best" depart="71.4"/>
    <vehicle id="E_L_16" type="CAV" route="East_in_left_South_out" departLane="best" depart="76.5"/>
    <vehicle id="E_R_16" type="CAV" route="East_in_West_out" departLane="best" depart="76.5"/>
    <vehicle id="W_L_16" type="CAV" route="West_in_left_North_out" departLane="best" depart="76.5"/>
    <vehicle id="W_R_16" type="CAV" route="West_in_East_out" departLane="best" depart="76.5"/>
    <vehicle id="S_L_16" type="HDV" route="South_in_left_West_out" departLane="best" depart="76.5"/>
    <vehicle id="S_R_16" type="CAV" route="South_in_North_out" departLane="best" depart="76.5"/>
    <vehicle id="N_L_16" type="CAV" route="North_in_left_East_out" departLane="best" depart="76.5"/>
    <vehicle id="N_R_16" type="CAV" route="North_in_South_out" departLane="best" depart="76.5"/>
    <vehicle id="E_L_17" type="CAV" route="East_in_left_South_out" departLane="best" depart="81.6"/>
    <vehicle id="E_R_17" type="CAV" route="East_in_West_out" departLane="best" depart="81.6"/>
    <vehicle id="W_L_17" type="CAV" route="West_in_left_North_out" departLane="best" depart="81.6"/>
    <vehicle id="W_R_17" type="CAV" route="West_in_East_out" departLane="best" depart="81.6"/>
    <vehicle id="S_L_17" type="CAV" route="South_in_left_West_out" departLane="best" depart="81.6"/>
    <vehicle id="S_R_17" type="CAV" route="South_in_North_out" departLane="best" depart="81.6"/>
    <vehicle id="N_L_17" type="CAV" route="North_in_left_East_out" departLane="best" depart="81.6"/>
    <vehicle id="N_R_17" type="CAV" route="North_in_South_out" departLane="best" depart="81.6"/>
    <vehicle id="E_L_18" type="CAV" route="East_in_left_South_out" departLane="best" depart="86.7"/>
    <vehicle id="E_R_18" type="CAV" route="East_in_West_out" departLane="best" depart="86.7"/>
    <vehicle id="W_L_18" type="CAV" route="West_in_left_North_out" departLane="best" depart="86.7"/>
    <vehicle id="W_R_18" type="CAV" route="West_in_East_out" departLane="best" depart="86.7"/>
    <vehicle id="S_L_18" type="CAV" route="South_in_left_West_out" departLane="best" depart="86.7"/>
    <vehicle id="S_R_18" type="CAV" route="South_in_North_out" departLane="best" depart="86.7"/>
    <vehicle id="N_L_18" type="CAV" route="North_in_left_East_out" departLane="best" depart="86.7"/>
    <vehicle id="N_R_18" type="CAV" route="North_in_South_out" departLane="best" depart="86.7"/>
    <vehicle id="E_L_19" type="CAV" route="East_in_left_South_out" departLane="best" depart="91.8"/>
    <vehicle id="E_R_19" type="CAV" route="East_in_West_out" departLane="best" depart="91.8"/>
    <vehicle id="W_L_19" type="CAV" route="West_in_left_North_out" departLane="best" depart="91.8"/>
    <vehicle id="W_R_19" type="CAV" route="West_in_East_out" departLane="best" depart="91.8"/>
    <vehicle id="S_L_19" type="CAV" route="South_in_left_West_out" departLane="best" depart="91.8"/>
    <vehicle id="S_R_19" type="CAV" route="South_in_North_out" departLane="best" depart="91.8"/>
    <vehicle id="N_L_19" type="CAV" route="North_in_left_East_out" departLane="best" depart="91.8"/>
    <vehicle id="N_R_19" type="CAV" route="North_in_South_out" departLane="best" depart="91.8"/>
    <vehicle id="E_L_20" type="CAV" route="East_in_left_South_out" departLane="best" depart="96.9"/>
    <vehicle id="E_R_20" type="CAV" route="East_in_West_out" departLane="best" depart="96.9"/>
    <vehicle id="W_L_20" type="CAV" route="West_in_left_North_out" departLane="best" depart="96.9"/>
    <vehicle id="W_R_20" type="CAV" route="West_in_East_out" departLane="best" depart="96.9"/>
    <vehicle id="S_L_20" type="CAV" route="South_in_left_West_out" departLane="best" depart="96.9"/>
    <vehicle id="S_R_20" type="CAV" route="South_in_North_out" departLane="best" depart="96.9"/>
    <vehicle id="N_L_20" type="CAV" route="North_in_left_East_out" departLane="best" depart="96.9"/>
    <vehicle id="N_R_20" type="CAV" route="North_in_South_out" departLane="best" depart="96.9"/>
    <vehicle id="E_L_21" type="CAV" route="East_in_left_South_out" departLane="best" depart="102"/>
    <vehicle id="E_R_21" type="CAV" route="East_in_West_out" departLane="best" depart="102"/>
    <vehicle id="W_L_21" type="CAV" route="West_in_left_North_out" departLane="best" depart="102"/>
    <vehicle id="W_R_21" type="CAV" route="West_in_East_out" departLane="best" depart="102"/>
    <vehicle id="S_L_21" type="CAV" route="South_in_left_West_out" departLane="best" depart="102"/>
    <vehicle id="S_R_21" type="CAV" route="South_in_North_out" departLane="best" depart="102"/>
    <vehicle id="N_L_21" type="CAV" route="North_in_left_East_out" departLane="best" depart="102"/>
    <vehicle id="N_R_21" type="CAV" route="North_in_South_out" departLane="best" depart="102"/>
    <vehicle id="E_L_22" type="HDV" route="East_in_left_South_out" departLane="best" depart="107.1"/>
    <vehicle id="E_R_22" type="CAV" route="East_in_West_out" departLane="best" depart="107.1"/>
    <vehicle id="W_L_22" type="CAV" route="West_in_left_North_out" departLane="best" depart="107.1"/>
    <vehicle id="W_R_22" type="CAV" route="West_in_East_out" departLane="best" depart="107.1"/>
    <vehicle id="S_L_22" type="CAV" route="South_in_left_West_out" departLane="best" depart="107.1"/>
    <vehicle id="S_R_22" type="CAV" route="South_in_North_out" departLane="best" depart="107.1"/>
    <vehicle id="N_L_22" type="CAV" route="North_in_left_East_out" departLane="best" depart="107.1"/>
    <vehicle id="N_R_22" type="CAV" route="North_in_South_out" departLane="best" depart="107.1"/>
    <vehicle id="E_L_23" type="CAV" route="East_in_left_South_out" departLane="best" depart="112.2"/>
    <vehicle id="E_R_23" type="CAV" route="East_in_West_out" departLane="best" depart="112.2"/>
    <vehicle id="W_L_23" type="CAV" route="West_in_left_North_out" departLane="best" depart="112.2"/>
    <vehicle id="W_R_23" type="CAV" route="West_in_East_out" departLane="best" depart="112.2"/>
    <vehicle id="S_L_23" type="CAV" route="South_in_left_West_out" departLane="best" depart="112.2"/>
    <vehicle id="S_R_23" type="CAV" route="South_in_North_out" departLane="best" depart="112.2"/>
    <vehicle id="N_L_23" type="CAV" route="North_in_left_East_out" departLane="best" depart="112.2"/>
    <vehicle id="N_R_23" type="CAV" route="North_in_South_out" departLane="best" depart="112.2"/>
    <vehicle id="E_L_24" type="CAV" route="East_in_left_South_out" departLane="best" depart="117.3"/>
    <vehicle id="E_R_24" type="CAV" route="East_in_West_out" departLane="best" depart="117.3"/>
    <vehicle id="W_L_24" type="CAV" route="West_in_left_North_out" departLane="best" depart="117.3"/>
    <vehicle id="W_R_24" type="CAV" route="West_in_East_out" departLane="best" depart="117.3"/>
    <vehicle id="S_L_24" type="CAV" route="South_in_left_West_out" departLane="best" depart="117.3"/>
    <vehicle id="S_R_24" type="CAV" route="South_in_North_out" departLane="best" depart="117.3"/>
    <vehicle id="N_L_24" type="CAV" route="North_in_left_East_out" departLane="best" depart="117.3"/>
    <vehicle id="N_R_24" type="CAV" route="North_in_South_out" departLane="best" depart="117.3"/>
    <vehicle id="E_L_25" type="CAV" route="East_in_left_South_out" departLane="best" depart="122.4"/>
    <vehicle id="E_R_25" type="CAV" route="East_in_West_out" departLane="best" depart="122.4"/>
    <vehicle id="W_L_25" type="CAV" route="West_in_left_North_out" departLane="best" depart="122.4"/>
    <vehicle id="W_R_25" type="CAV" route="West_in_East_out" departLane="best" depart="122.4"/>
    <vehicle id="S_L_25" type="CAV" route="South_in_left_West_out" departLane="best" depart="122.4"/>
    <vehicle id="S_R_25" type="CAV" route="South_in_North_out" departLane="best" depart="122.4"/>
    <vehicle id="N_L_25" type="CAV" route="North_in_left_East_out" departLane="best" depart="122.4"/>
    <vehicle id="N_R_25" type="CAV" route="North_in_South_out" departLane="best" depart="122.4"/>
    <vehicle id="E_L_26" type="CAV" route="East_in_left_South_out" departLane="best" depart="127.5"/>
    <vehicle id="E_R_26" type="CAV" route="East_in_West_out" departLane="best" depart="127.5"/>
    <vehicle id="W_L_26" type="CAV" route="West_in_left_North_out" departLane="best" depart="127.5"/>
    <vehicle id="W_R_26" type="CAV" route="West_in_East_out" departLane="best" depart="127.5"/>
    <vehicle id="S_L_26" type="CAV" route="South_in_left_West_out" departLane="best" depart="127.5"/>
    <vehicle id="S_R_26" type="CAV" route="South_in_North_out" departLane="best" depart="127.5"/>
    <vehicle id="N_L_26" type="CAV" route="North_in_left_East_out" departLane="best" depart="127.5"/>
    <vehicle id="N_R_26" type="CAV" route="North_in_South_out" departLane="best" depart="127.5"/>
    <vehicle id="E_L_27" type="CAV" route="East_in_left_South_out" departLane="best" depart="132.6"/>
    <vehicle id="E_R_27" type="CAV" route="East_in_West_out" departLane="best" depart="132.6"/>
    <vehicle id="W_L_27" type="CAV" route="West_in_left_North_out" departLane="best" depart="132.6"/>
    <vehicle id="W_R_27" type="CAV" route="West_in_East_out" departLane="best" depart="132.6"/>
    <vehicle id="S_L_27" type="CAV" route="South_in_left_West_out" departLane="best" depart="132.6"/>
    <vehicle id="S_R_27" type="CAV" route="South_in_North_out" departLane="best" depart="132.6"/>
    <vehicle id="N_L_27" type="CAV" route="North_in_left_East_out" departLane="best" depart="132.6"/>
    <vehicle id="N_R_27" type="CAV" route="North_in_South_out" departLane="best" depart="132.6"/>
    <vehicle id="E_L_28" type="CAV" route="East_in_left_South_out" departLane="best" depart="137.7"/>
    <vehicle id="E_R_28" type="CAV" route="East_in_West_out" departLane="best" depart="137.7"/>
    <vehicle id="W_L_28" type="HDV" route="West_in_left_North_out" departLane="best" depart="137.7"/>
    <vehicle id="W_R_28" type="CAV" route="West_in_East_out" departLane="best" depart="137.7"/>
    <vehicle id="S_L_28" type="CAV" route="South_in_left_West_out" departLane="best" depart="137.7"/>
    <vehicle id="S_R_28" type="CAV" route="South_in_North_out" departLane="best" depart="137.7"/>
    <vehicle id="N_L_28" type="CAV" route="North_in_left_East_out" departLane="best" depart="137.7"/>
    <vehicle id="N_R_28" type="CAV" route="North_in_South_out" departLane="best" depart="137.7"/>
    <vehicle id="E_L_29" type="HDV" route="East_in_left_South_out" departLane="best" depart="142.8"/>
    <vehicle id="E_R_29" type="CAV" route="East_in_West_out" departLane="best" depart="142.8"/>
    <vehicle id="W_L_29" type="CAV" route="West_in_left_North_out" departLane="best" depart="142.8"/>
    <vehicle id="W_R_29" type="CAV" route="West_in_East_out" departLane="best" depart="142.8"/>
    <vehicle id="S_L_29" type="CAV" route="South_in_left_West_out" departLane="best" depart="142.8"/>
    <vehicle id="S_R_29" type="CAV" route="South_in_North_out" departLane="best" depart="142.8"/>
    <vehicle id="N_L_29" type="CAV" route="North_in_left_East_out" departLane="best" depart="142.8"/>
    <vehicle id="N_R_29" type="CAV" route="North_in_South_out" departLane="best" depart="142.8"/>
    <vehicle id="E_L_30" type="CAV" route="East_in_left_South_out" departLane="best" depart="147.9"/>
    <vehicle id="E_R_30" type="CAV" route="East_in_West_out" departLane="best" depart="147.9"/>
    <vehicle id="W_L_30" type="CAV" route="West_in_left_North_out" departLane="best" depart="147.9"/>
    <vehicle id="W_R_30" type="CAV" route="West_in_East_out" departLane="best" depart="147.9"/>
    <vehicle id="S_L_30" type="CAV" route="South_in_left_West_out" departLane="best" depart="147.9"/>
    <vehicle id="S_R_30" type="CAV" route="South_in_North_out" departLane="best" depart="147.9"/>
    <vehicle id="N_L_30" type="CAV" route="North_in_left_East_out" departLane="best" depart="147.9"/>
    <vehicle id="N_R_30" type="CAV" route="North_in_South_out" departLane="best" depart="147.9"/>
    <vehicle id="E_L_31" type="HDV" route="East_in_left_South_out" departLane="best" depart="153"/>
    <vehicle id="E_R_31" type="CAV" route="East_in_West_out" departLane="best" depart="153"/>
    <vehicle id="W_L_31" type="HDV" route="West_in_left_North_out" departLane="best" depart="153"/>
    <vehicle id="W_R_31" type="CAV" route="West_in_East_out" departLane="best" depart="153"/>
    <vehicle id="S_L_31" type="CAV" route="South_in_left_West_out" departLane="best" depart="153"/>
    <vehicle id="S_R_31" type="CAV" route="South_in_North_out" departLane="best" depart="153"/>
    <vehicle id="N_L_31" type="HDV" route="North_in_left_East_out" departLane="best" depart="153"/>
    <vehicle id="N_R_31" type="CAV" route="North_in_South_out" departLane="best" depart="153"/>
    <vehicle id="E_L_32" type="CAV" route="East_in_left_South_out" departLane="best" depart="158.1"/>
    <vehicle id="E_R_32" type="CAV" route="East_in_West_out" departLane="best" depart="158.1"/>
    <vehicle id="W_L_32" type="HDV" route="West_in_left_North_out" departLane="best" depart="158.1"/>
    <vehicle id="W_R_32" type="HDV" route="West_in_East_out" departLane="best" depart="158.1"/>
    <vehicle id="S_L_32" type="CAV" route="South_in_left_West_out" departLane="best" depart="158.1"/>
    <vehicle id="S_R_32" type="CAV" route="South_in_North_out" departLane="best" depart="158.1"/>
    <vehicle id="N_L_32" type="CAV" route="North_in_left_East_out" departLane="best" depart="158.1"/>
    <vehicle id="N_R_32" type="CAV" route="North_in_South_out" departLane="best" depart="158.1"/>
    <vehicle id="E_L_33" type="CAV" route="East_in_left_South_out" departLane="best" depart="163.2"/>
    <vehicle id="E_R_33" type="CAV" route="East_in_West_out" departLane="best" depart="163.2"/>
    <vehicle id="W_L_33" type="HDV" route="West_in_left_North_out" departLane="best" depart="163.2"/>
    <vehicle id="W_R_33" type="CAV" route="West_in_East_out" departLane="best" depart="163.2"/>
    <vehicle id="S_L_33" type="CAV" route="South_in_left_West_out" departLane="best" depart="163.2"/>
    <vehicle id="S_R_33" type="CAV" route="South_in_North_out" departLane="best" depart="163.2"/>
    <vehicle id="N_L_33" type="CAV" route="North_in_left_East_out" departLane="best" depart="163.2"/>
    <vehicle id="N_R_33" type="HDV" route="North_in_South_out" departLane="best" depart="163.2"/>
    <vehicle id="E_L_34" type="HDV" route="East_in_left_South_out" departLane="best" depart="168.3"/>
    <vehicle id="E_R_34" type="CAV" route="East_in_West_out" departLane="best" depart="168.3"/>
    <vehicle id="W_L_34" type="HDV" route="West_in_left_North_out" departLane="best" depart="168.3"/>
    <vehicle id="W_R_34" type="CAV" route="West_in_East_out" departLane="best" depart="168.3"/>
    <vehicle id="S_L_34" type="CAV" route="South_in_left_West_out" departLane="best" depart="168.3"/>
    <vehicle id="S_R_34" type="CAV" route="South_in_North_out" departLane="best" depart="168.3"/>
    <vehicle id="N_L_34" type="CAV" route="North_in_left_East_out" departLane="best" depart="168.3"/>
    <vehicle id="N_R_34" type="CAV" route="North_in_South_out" departLane="best" depart="168.3"/>
    <vehicle id="E_L_35" type="CAV" route="East_in_left_South_out" departLane="best" depart="173.4"/>
    <vehicle id="E_R_35" type="CAV" route="East_in_West_out" departLane="best" depart="173.4"/>
    <vehicle id="W_L_35" type="CAV" route="West_in_left_North_out" departLane="best" depart="173.4"/>
    <vehicle id="W_R_35" type="CAV" route="West_in_East_out" departLane="best" depart="173.4"/>
    <vehicle id="S_L_35" type="CAV" route="South_in_left_West_out" departLane="best" depart="173.4"/>
    <vehicle id="S_R_35" type="CAV" route="South_in_North_out" departLane="best" depart="173.4"/>
    <vehicle id="N_L_35" type="CAV" route="North_in_left_East_out" departLane="best" depart="173.4"/>
    <vehicle id="N_R_35" type="CAV" route="North_in_South_out" departLane="best" depart="173.4"/>
    <vehicle id="E_L_36" type="CAV" route="East_in_left_South_out" departLane="best" depart="178.5"/>
    <vehicle id="E_R_36" type="CAV" route="East_in_West_out" departLane="best" depart="178.5"/>
    <vehicle id="W_L_36" type="CAV" route="West_in_left_North_out" departLane="best" depart="178.5"/>
    <vehicle id="W_R_36" type="CAV" route="West_in_East_out" departLane="best" depart="178.5"/>
    <vehicle id="S_L_36" type="CAV" route="South_in_left_West_out" departLane="best" depart="178.5"/>
    <vehicle id="S_R_36" type="CAV" route="South_in_North_out" departLane="best" depart="178.5"/>
    <vehicle id="N_L_36" type="CAV" route="North_in_left_East_out" departLane="best" depart="178.5"/>
    <vehicle id="N_R_36" type="CAV" route="North_in_South_out" departLane="best" depart="178.5"/>
    <vehicle id="E_L_37" type="CAV" route="East_in_left_South_out" departLane="best" depart="183.6"/>
    <vehicle id="E_R_37" type="CAV" route="East_in_West_out" departLane="best" depart="183.6"/>
    <vehicle id="W_L_37" type="CAV" route="West_in_left_North_out" departLane="best" depart="183.6"/>
    <vehicle id="W_R_37" type="CAV" route="West_in_East_out" departLane="best" depart="183.6"/>
    <vehicle id="S_L_37" type="CAV" route="South_in_left_West_out" departLane="best" depart="183.6"/>
    <vehicle id="S_R_37" type="CAV" route="South_in_North_out" departLane="best" depart="183.6"/>
    <vehicle id="N_L_37" type="CAV" route="North_in_left_East_out" departLane="best" depart="183.6"/>
    <vehicle id="N_R_37" type="CAV" route="North_in_South_out" departLane="best" depart="183.6"/>
</routes>
